compkey,unitdesc,onstreet,blockface_name,weekday_day,weekday_night,weekend_day,weekend_night,cluster,cluster_label
1002,1ST AVE BETWEEN COLUMBIA ST AND MARION ST,1ST AVE,1ST AVE BETWEEN COLUMBIA ST AND MARION ST,0.40372254164823823,0.20314814814814813,0.4936732512284295,0.4663095238095238,0,Night/weekend intensive streets
1004,1ST AVE BETWEEN MADISON ST AND SPRING ST,1ST AVE,1ST AVE BETWEEN MADISON ST AND SPRING ST,0.34244623655913975,0.12456140350877193,0.4582,0.506,0,Night/weekend intensive streets
1005,1ST AVE BETWEEN SPRING ST AND SENECA ST,1ST AVE,1ST AVE BETWEEN SPRING ST AND SENECA ST,0.4292160737812912,0.22710317460317458,0.4676296296296296,0.45166666666666666,0,Night/weekend intensive streets
1006,1ST AVE BETWEEN SENECA ST AND UNIVERSITY ST,1ST AVE,1ST AVE BETWEEN SENECA ST AND UNIVERSITY ST,0.4864099005320379,0.443409090909091,0.6168787878787879,0.7072727272727273,2,Consistently high occupancy streets
1007,1ST AVE BETWEEN UNIVERSITY ST AND UNION ST,1ST AVE,1ST AVE BETWEEN UNIVERSITY ST AND UNION ST,0.7567901234567901,0.5094444444444444,0.820111111111111,0.8883333333333333,2,Consistently high occupancy streets
1008,1ST AVE BETWEEN UNION ST AND PIKE ST,1ST AVE,1ST AVE BETWEEN UNION ST AND PIKE ST,0.3657991878922111,0.2355952380952381,0.5311904761904762,0.5304761904761904,0,Night/weekend intensive streets
1009,1ST AVE BETWEEN PIKE ST AND PINE ST,1ST AVE,1ST AVE BETWEEN PIKE ST AND PINE ST,0.6005383290267011,0.3288888888888889,0.7767777777777778,0.7922222222222223,2,Consistently high occupancy streets
1010,1ST AVE BETWEEN PINE ST AND STEWART ST,1ST AVE,1ST AVE BETWEEN PINE ST AND STEWART ST,0.5975694444444444,0.45666666666666667,0.48950000000000005,0.675,2,Consistently high occupancy streets
1011,1ST AVE BETWEEN STEWART ST AND VIRGINIA ST,1ST AVE,1ST AVE BETWEEN STEWART ST AND VIRGINIA ST,0.54769657784744,0.5046006493506494,0.6742333333333334,0.6643333333333333,2,Consistently high occupancy streets
1012,1ST AVE BETWEEN VIRGINIA ST AND LENORA ST,1ST AVE,1ST AVE BETWEEN VIRGINIA ST AND LENORA ST,0.4369708336806808,0.4566274347588686,0.5013000000000001,0.5819523809523809,2,Consistently high occupancy streets
1013,1ST AVE BETWEEN LENORA ST AND BLANCHARD ST,1ST AVE,1ST AVE BETWEEN LENORA ST AND BLANCHARD ST,0.4489515693868968,0.6555769315409838,0.5333333333333333,0.7551851851851852,2,Consistently high occupancy streets
1014,1ST AVE BETWEEN BLANCHARD ST AND BELL ST,1ST AVE,1ST AVE BETWEEN BLANCHARD ST AND BELL ST,0.18386474574065595,0.37496060363247863,0.29455662393162396,0.4433653846153846,0,Night/weekend intensive streets
1015,1ST AVE BETWEEN BELL ST AND BATTERY ST,1ST AVE,1ST AVE BETWEEN BELL ST AND BATTERY ST,0.37697810350247346,0.6635562793887148,0.41891666666666666,0.7003125,2,Consistently high occupancy streets
1016,1ST AVE BETWEEN BATTERY ST AND WALL ST,1ST AVE,1ST AVE BETWEEN BATTERY ST AND WALL ST,0.3744942968111762,0.7647715134904536,0.5756634399961037,0.9044444444444444,2,Consistently high occupancy streets
1017,1ST AVE BETWEEN WALL ST AND VINE ST,1ST AVE,1ST AVE BETWEEN WALL ST AND VINE ST,0.24231453511974857,0.42037106655527706,0.2762833333333333,0.4968055555555556,0,Night/weekend intensive streets
1018,1ST AVE BETWEEN VINE ST AND CEDAR ST,1ST AVE,1ST AVE BETWEEN VINE ST AND CEDAR ST,0.16818811300587927,0.5825469947318007,0.2879629629629629,0.6590740740740741,0,Night/weekend intensive streets
1019,1ST AVE BETWEEN CEDAR ST AND CLAY ST,1ST AVE,1ST AVE BETWEEN CEDAR ST AND CLAY ST,0.2646149991168685,0.4445678316781258,0.2677333333333333,0.8931666666666667,0,Night/weekend intensive streets
1020,1ST AVE BETWEEN CLAY ST AND BROAD ST,1ST AVE,1ST AVE BETWEEN CLAY ST AND BROAD ST,0.20531409794927635,0.2575220609949935,0.2356470271724509,0.41078188054882964,0,Night/weekend intensive streets
1021,1ST AVE BETWEEN BROAD ST AND EAGLE ST,1ST AVE,1ST AVE BETWEEN BROAD ST AND EAGLE ST,0.11965588176796856,0.1542653844396729,0.15747619047619046,0.5609523809523809,0,Night/weekend intensive streets
1023,1ST AVE BETWEEN WARREN PL AND BAY ST,1ST AVE,1ST AVE BETWEEN WARREN PL AND BAY ST,0.15148952309559505,0.16278195488721803,0.28947619047619044,0.5152380952380952,0,Night/weekend intensive streets
2751,2ND AVE BETWEEN COLUMBIA ST AND MARION ST,2ND AVE,2ND AVE BETWEEN COLUMBIA ST AND MARION ST,0.4869984528107271,0.07354761904761906,0.13124761904761906,0.09926190476190476,1,Consistently low occupancy streets
2752,2ND AVE BETWEEN MARION ST AND MADISON ST,2ND AVE,2ND AVE BETWEEN MARION ST AND MADISON ST,0.497289972899729,0.042777777777777776,0.05694444444444444,0.17152777777777778,1,Consistently low occupancy streets
2753,2ND AVE BETWEEN MADISON ST AND SPRING ST,2ND AVE,2ND AVE BETWEEN MADISON ST AND SPRING ST,0.5986206896551723,0.06805555555555556,0.2633888888888889,0.30777777777777776,0,Night/weekend intensive streets
2754,2ND AVE BETWEEN SPRING ST AND SENECA ST,2ND AVE,2ND AVE BETWEEN SPRING ST AND SENECA ST,0.33753415300546447,0.014374999999999999,0.006458333333333334,0.0109375,1,Consistently low occupancy streets
2755,2ND AVE BETWEEN SENECA ST AND UNIVERSITY ST,2ND AVE,2ND AVE BETWEEN SENECA ST AND UNIVERSITY ST,0.3595018450184502,0.26036458333333334,0.4643333333333333,0.6172916666666667,0,Night/weekend intensive streets
2757,2ND AVE BETWEEN UNION ST AND PIKE ST,2ND AVE,2ND AVE BETWEEN UNION ST AND PIKE ST,0.20876214617659483,0.24333333333333332,0.4013777777777778,0.39594444444444443,0,Night/weekend intensive streets
2758,2ND AVE BETWEEN PIKE ST AND PINE ST,2ND AVE,2ND AVE BETWEEN PIKE ST AND PINE ST,0.3632254464285714,0.20023809523809524,0.5572380952380952,0.5430952380952381,0,Night/weekend intensive streets
2759,2ND AVE BETWEEN PINE ST AND STEWART ST,2ND AVE,2ND AVE BETWEEN PINE ST AND STEWART ST,0.38951843198338526,0.30486111111111114,0.42083333333333334,0.48291666666666666,0,Night/weekend intensive streets
2760,2ND AVE BETWEEN STEWART ST AND VIRGINIA ST,2ND AVE,2ND AVE BETWEEN STEWART ST AND VIRGINIA ST,0.2954585274677645,0.20562229437229437,0.41188095238095235,0.4123214285714286,0,Night/weekend intensive streets
2761,2ND AVE BETWEEN VIRGINIA ST AND LENORA ST,2ND AVE,2ND AVE BETWEEN VIRGINIA ST AND LENORA ST,0.3167976173552362,0.30025840773941304,0.48852380952380947,0.5237698412698413,0,Night/weekend intensive streets
2762,2ND AVE BETWEEN LENORA ST AND BLANCHARD ST,2ND AVE,2ND AVE BETWEEN LENORA ST AND BLANCHARD ST,0.3019752156687047,0.4153975095785441,0.363,0.5044444444444445,0,Night/weekend intensive streets
2763,2ND AVE BETWEEN BLANCHARD ST AND BELL ST,2ND AVE,2ND AVE BETWEEN BLANCHARD ST AND BELL ST,0.32088806511536483,0.4201636904761905,0.36146428571428574,0.5811309523809524,0,Night/weekend intensive streets
2764,2ND AVE BETWEEN BELL ST AND BATTERY ST,2ND AVE,2ND AVE BETWEEN BELL ST AND BATTERY ST,0.4906030828656162,0.6545142992424242,0.4958121212121212,0.7637121212121212,2,Consistently high occupancy streets
2765,2ND AVE BETWEEN BATTERY ST AND WALL ST,2ND AVE,2ND AVE BETWEEN BATTERY ST AND WALL ST,0.2501572676509808,0.6041059027777778,0.4145277777777778,0.6142361111111111,0,Night/weekend intensive streets
2766,2ND AVE BETWEEN WALL ST AND VINE ST,2ND AVE,2ND AVE BETWEEN WALL ST AND VINE ST,0.5108363213707601,0.5304405531609195,0.3958416666666667,0.6945625,2,Consistently high occupancy streets
2767,2ND AVE BETWEEN VINE ST AND CEDAR ST,2ND AVE,2ND AVE BETWEEN VINE ST AND CEDAR ST,0.22426018228585992,0.2784217512997755,0.2529047619047619,0.5398214285714286,0,Night/weekend intensive streets
2768,2ND AVE BETWEEN CEDAR ST AND CLAY ST,2ND AVE,2ND AVE BETWEEN CEDAR ST AND CLAY ST,0.1507658449657391,0.3066987783089478,0.15675371777388142,0.6340277777777777,0,Night/weekend intensive streets
2769,2ND AVE BETWEEN CLAY ST AND BROAD ST,2ND AVE,2ND AVE BETWEEN CLAY ST AND BROAD ST,0.2645805380947598,0.25210069444444444,0.21679166666666666,0.5024305555555555,0,Night/weekend intensive streets
2770,2ND AVE BETWEEN BROAD ST AND 2ND WR AVE,2ND AVE,2ND AVE BETWEEN BROAD ST AND 2ND WR AVE,0.45861891364977103,0.38888446009613664,0.36443438256658595,0.4456190476190476,0,Night/weekend intensive streets
4388,3RD AVE BETWEEN LENORA ST AND BLANCHARD ST,3RD AVE,3RD AVE BETWEEN LENORA ST AND BLANCHARD ST,0.1259082763900185,0.20530373955694725,0.14867021276595743,0.2475925925925926,1,Consistently low occupancy streets
4390,3RD AVE BETWEEN BELL ST AND BATTERY ST,3RD AVE,3RD AVE BETWEEN BELL ST AND BATTERY ST,0.3932201192304879,0.49703422619047616,0.41385714285714287,0.6683333333333332,2,Consistently high occupancy streets
4391,3RD AVE BETWEEN BATTERY ST AND WALL ST,3RD AVE,3RD AVE BETWEEN BATTERY ST AND WALL ST,0.38685408355113987,0.5562354611384783,0.3255396825396825,0.6930158730158731,2,Consistently high occupancy streets
4392,3RD AVE BETWEEN WALL ST AND VINE ST,3RD AVE,3RD AVE BETWEEN WALL ST AND VINE ST,0.26223250850462976,0.5019768198498037,0.276241018897331,0.5877592592592593,0,Night/weekend intensive streets
4394,3RD AVE BETWEEN CEDAR ST AND CLAY ST,3RD AVE,3RD AVE BETWEEN CEDAR ST AND CLAY ST,0.39304536469499773,0.4057537878787879,0.3605833333333333,0.6011111111111112,0,Night/weekend intensive streets
4395,3RD AVE BETWEEN CLAY ST AND BROAD ST,3RD AVE,3RD AVE BETWEEN CLAY ST AND BROAD ST,0.3066721269941183,0.35604343220338985,0.4280028857393337,0.5617708333333333,0,Night/weekend intensive streets
6124,4TH AVE BETWEEN COLUMBIA ST AND MARION ST,4TH AVE,4TH AVE BETWEEN COLUMBIA ST AND MARION ST,0.501421188630491,0.034583333333333334,0.24599497802887632,0.4063888888888889,0,Night/weekend intensive streets
6126,4TH AVE BETWEEN MADISON ST AND SPRING ST,4TH AVE,4TH AVE BETWEEN MADISON ST AND SPRING ST,0.4970426829268293,0.20203389830508475,0.46053333333333335,0.5671666666666667,0,Night/weekend intensive streets
6128,4TH AVE BETWEEN SENECA ST AND UNIVERSITY ST,4TH AVE,4TH AVE BETWEEN SENECA ST AND UNIVERSITY ST,0.397537627268703,0.22871527777777775,0.4500925925925926,0.6092592592592593,0,Night/weekend intensive streets
6130,4TH AVE BETWEEN UNION ST AND PIKE ST,4TH AVE,4TH AVE BETWEEN UNION ST AND PIKE ST,0.4489102564102564,0.15666666666666668,0.48738888888888887,0.538888888888889,0,Night/weekend intensive streets
6136,4TH AVE BETWEEN STEWART ST AND VIRGINIA ST,4TH AVE,4TH AVE BETWEEN STEWART ST AND VIRGINIA ST,0.5094947627830594,0.5674295910493827,0.6750555555555556,0.7308333333333333,2,Consistently high occupancy streets
6137,4TH AVE BETWEEN VIRGINIA ST AND LENORA ST,4TH AVE,4TH AVE BETWEEN VIRGINIA ST AND LENORA ST,0.44611169531746264,0.5212355031799476,0.6009027777777778,0.5512152777777778,2,Consistently high occupancy streets
6138,4TH AVE BETWEEN LENORA ST AND BLANCHARD ST,4TH AVE,4TH AVE BETWEEN LENORA ST AND BLANCHARD ST,0.395571755300461,0.5180892437304075,0.40095,0.522125,0,Night/weekend intensive streets
6141,4TH AVE BETWEEN BATTERY ST AND WALL ST,4TH AVE,4TH AVE BETWEEN BATTERY ST AND WALL ST,0.5600955205793567,0.6599594907407408,0.4735925925925926,0.8031481481481482,2,Consistently high occupancy streets
6142,4TH AVE BETWEEN WALL ST AND VINE ST,4TH AVE,4TH AVE BETWEEN WALL ST AND VINE ST,0.518618021252901,0.5832261301386938,0.5766809523809524,0.8151904761904761,2,Consistently high occupancy streets
6143,4TH AVE BETWEEN VINE ST AND CEDAR ST,4TH AVE,4TH AVE BETWEEN VINE ST AND CEDAR ST,0.2513801518003677,0.29140098772796064,0.3547994350282486,0.5441666666666667,0,Night/weekend intensive streets
6144,4TH AVE BETWEEN CEDAR ST AND CLAY ST,4TH AVE,4TH AVE BETWEEN CEDAR ST AND CLAY ST,0.4831594853521679,0.5197791027046783,0.5733888888888888,0.6265277777777778,2,Consistently high occupancy streets
7223,5TH AVE BETWEEN 5TH AVE S AND TERRACE ST,5TH AVE,YESLER WAY BETWEEN TERRACE ST AND 6TH AVE,0.27894166666666664,0.16869791666666667,0.17975000000000002,0.22374999999999998,1,Consistently low occupancy streets
7224,5TH AVE BETWEEN TERRACE ST AND JEFFERSON ST,5TH AVE,5TH AVE BETWEEN TERRACE ST AND JEFFERSON ST,0.41108333333333336,0.28125,0.22291666666666668,0.2808333333333334,0,Night/weekend intensive streets
7229,5TH AVE BETWEEN MARION ST AND MADISON ST,5TH AVE,5TH AVE BETWEEN MARION ST AND MADISON ST,0.375625,0.3368055555555555,0.2810416666666667,0.37979166666666664,0,Night/weekend intensive streets
7230,5TH AVE BETWEEN MADISON ST AND SPRING ST,5TH AVE,5TH AVE BETWEEN MADISON ST AND SPRING ST,0.3056338028169014,0.1276068376068376,0.2895333333333333,0.365,0,Night/weekend intensive streets
7242,5TH AVE BETWEEN STEWART ST AND VIRGINIA ST,5TH AVE,5TH AVE BETWEEN STEWART ST AND VIRGINIA ST,0.2753895351247813,0.29889079670329666,0.39730952380952383,0.4939285714285714,0,Night/weekend intensive streets
7243,5TH AVE BETWEEN VIRGINIA ST AND LENORA ST,5TH AVE,5TH AVE BETWEEN VIRGINIA ST AND LENORA ST,0.2895502786498973,0.36272645386222974,0.30261655011655014,0.43504079254079253,0,Night/weekend intensive streets
7244,5TH AVE BETWEEN LENORA ST AND BLANCHARD ST,5TH AVE,5TH AVE BETWEEN LENORA ST AND BLANCHARD ST,0.3646687581163209,0.43634488518727654,0.351252380952381,0.5550714285714285,0,Night/weekend intensive streets
7245,5TH AVE BETWEEN BLANCHARD ST AND BELL ST,5TH AVE,5TH AVE BETWEEN BLANCHARD ST AND BELL ST,0.32489277906513286,0.34905353495564895,0.2991361111111111,0.45156944444444447,0,Night/weekend intensive streets
7246,5TH AVE BETWEEN BELL ST AND BATTERY ST,5TH AVE,5TH AVE BETWEEN BELL ST AND BATTERY ST,0.6050348368893839,0.3889746675738055,0.44500757575757577,0.4652705627705628,2,Consistently high occupancy streets
7248,5TH AVE BETWEEN WALL ST AND VINE ST,5TH AVE,5TH AVE BETWEEN WALL ST AND VINE ST,0.29311518372400774,0.2959909611992945,0.4033121693121693,0.5747619047619048,0,Night/weekend intensive streets
7249,5TH AVE BETWEEN TAYLOR AVE AND DENNY WAY,5TH AVE,5TH AVE BETWEEN TAYLOR AVE AND DENNY WAY,0.30909787222461904,0.3731538254599817,0.39029708097928434,0.2984722222222222,0,Night/weekend intensive streets
7875,6TH AVE BETWEEN COLUMBIA ST AND MARION ST,6TH AVE,6TH AVE BETWEEN COLUMBIA ST AND MARION ST,0.3259943262411348,0.17327083333333332,0.15789999999999998,0.30233333333333334,1,Consistently low occupancy streets
7880,6TH AVE BETWEEN UNIVERSITY ST AND UNION ST,6TH AVE,6TH AVE BETWEEN UNIVERSITY ST AND UNION ST,0.3361327683615819,0.3030942334739803,0.4453333333333333,0.3321527777777778,0,Night/weekend intensive streets
7882,6TH AVE BETWEEN UNION ST AND PIKE ST,6TH AVE,6TH AVE BETWEEN UNION ST AND PIKE ST,0.27171632996632994,0.460636277302944,0.28025925925925926,0.41722222222222216,0,Night/weekend intensive streets
7883,6TH AVE BETWEEN PIKE ST AND PINE ST,6TH AVE,6TH AVE BETWEEN PIKE ST AND PINE ST,0.35643859649122805,0.537424924924925,0.38140555555555555,0.58825,0,Night/weekend intensive streets
8152,7TH AVE BETWEEN JAMES ST AND CHERRY ST,7TH AVE,7TH AVE BETWEEN JAMES ST AND CHERRY ST,0.04141864206714197,0.034182098765432094,0.021944444444444444,0.05305555555555556,1,Consistently low occupancy streets
8153,7TH AVE BETWEEN CHERRY ST AND COLUMBIA ST,7TH AVE,7TH AVE BETWEEN CHERRY ST AND COLUMBIA ST,0.08827811175235949,0.03070480225988701,0.05263841807909605,0.0,1,Consistently low occupancy streets
8155,7TH AVE BETWEEN MADISON ST OFF RP AND MADISON ST,7TH AVE,7TH AVE BETWEEN MADISON ST OFF RP AND MADISON ST,0.2881602856945227,0.08799019607843138,0.008402777777777776,0.17048611111111112,1,Consistently low occupancy streets
8156,7TH AVE BETWEEN MADISON ST AND SPRING ST,7TH AVE,7TH AVE BETWEEN MADISON ST AND SPRING ST,0.14556703533645318,0.22604166666666664,0.11355555555555555,0.15444444444444444,1,Consistently low occupancy streets
8159,7TH AVE BETWEEN PINE ST AND OLIVE WAY,7TH AVE,7TH AVE BETWEEN PINE ST AND OLIVE WAY,0.3131722222222222,0.4340740740740741,0.2537407407407407,0.6518518518518519,0,Night/weekend intensive streets
8272,8TH AVE BETWEEN JAMES ST AND CHERRY ST,8TH AVE,8TH AVE BETWEEN JAMES ST AND CHERRY ST,0.08349345537160648,0.055916898689308825,0.061446563088512235,0.0824404761904762,1,Consistently low occupancy streets
8273,8TH AVE BETWEEN CHERRY ST AND COLUMBIA ST,8TH AVE,8TH AVE BETWEEN CHERRY ST AND COLUMBIA ST,0.0766491072673715,0.059920634920634916,0.13768754464575622,0.07388888888888889,1,Consistently low occupancy streets
8274,8TH AVE BETWEEN COLUMBIA ST AND MARION ST,8TH AVE,8TH AVE BETWEEN COLUMBIA ST AND MARION ST,0.5901324152556449,0.4080344632768361,0.37200000000000005,0.6892655367231638,2,Consistently high occupancy streets
8275,8TH AVE BETWEEN MARION ST AND MADISON ST,8TH AVE,8TH AVE BETWEEN MARION ST AND MADISON ST,0.16821761060360654,0.17250990324047016,0.057361111111111106,0.12781308851224107,1,Consistently low occupancy streets
8276,8TH AVE BETWEEN MADISON ST AND SPRING ST,8TH AVE,8TH AVE BETWEEN MADISON ST AND SPRING ST,0.14934024102387736,0.2986690433749257,0.1901111111111111,0.29027777777777775,1,Consistently low occupancy streets
8277,8TH AVE BETWEEN SPRING ST AND SENECA ST,8TH AVE,8TH AVE BETWEEN SPRING ST AND SENECA ST,0.22630599379655983,0.576875,0.242,0.26916666666666667,0,Night/weekend intensive streets
8509,9TH AVE BETWEEN E FIR ST AND ALDER ST,9TH AVE,9TH AVE BETWEEN E FIR ST AND ALDER ST,0.07510683760683759,0.0892094017094017,0.10166666666666666,0.0,1,Consistently low occupancy streets
8511,9TH AVE BETWEEN JEFFERSON ST AND JAMES ST,9TH AVE,9TH AVE BETWEEN JEFFERSON ST AND JAMES ST,0.1991984754515364,0.15835295040803515,0.3303361581920904,0.31712643678160923,0,Night/weekend intensive streets
8513,9TH AVE BETWEEN CHERRY ST AND COLUMBIA ST,9TH AVE,9TH AVE BETWEEN CHERRY ST AND COLUMBIA ST,0.07784493104510794,0.062270142431972784,0.10750661375661374,0.1261243386243386,1,Consistently low occupancy streets
8514,9TH AVE BETWEEN COLUMBIA ST AND MARION ST,9TH AVE,9TH AVE BETWEEN COLUMBIA ST AND MARION ST,0.09607749118165784,0.05686728395061728,0.08108333333333333,0.028194444444444446,1,Consistently low occupancy streets
8515,9TH AVE BETWEEN MARION ST AND MADISON ST,9TH AVE,9TH AVE BETWEEN MARION ST AND MADISON ST,0.1667081315353156,0.2267638888888889,0.15773333333333334,0.20261111111111113,1,Consistently low occupancy streets
8516,9TH AVE BETWEEN MADISON ST AND SPRING ST,9TH AVE,9TH AVE BETWEEN MADISON ST AND SPRING ST,0.18156844491313998,0.33541132478632474,0.15977777777777777,0.40527777777777774,0,Night/weekend intensive streets
8517,9TH AVE BETWEEN SPRING ST AND SENECA ST,9TH AVE,9TH AVE BETWEEN SPRING ST AND SENECA ST,0.20102615555884187,0.2731127450980392,0.1241111111111111,0.3352777777777778,1,Consistently low occupancy streets
8518,9TH AVE BETWEEN SENECA ST AND UNIVERSITY ST,9TH AVE,9TH AVE BETWEEN SENECA ST AND UNIVERSITY ST,0.23853938585028364,0.31443272501308217,0.2,0.54125,0,Night/weekend intensive streets
8521,9TH AVE BETWEEN PINE ST AND OLIVE WAY,9TH AVE,9TH AVE BETWEEN PINE ST AND OLIVE WAY,0.2193144257703081,0.3793233082706767,0.2813333333333333,0.5614285714285714,0,Night/weekend intensive streets
8721,ALASKAN WAY BETWEEN SPRING ST AND SENECA ST,ALASKAN WAY,ALASKAN WAY BETWEEN SPRING ST AND SENECA ST,0.59178125,0.6104714912280702,0.7735,0.745625,2,Consistently high occupancy streets
8723,ALASKAN WAY BETWEEN UNIVERSITY ST AND UNION ST,ALASKAN WAY,ALASKAN WAY BETWEEN UNIVERSITY ST AND UNION ST,0.6604166666666668,0.4791666666666667,0.82975,0.7095833333333333,2,Consistently high occupancy streets
8724,ALASKAN WAY BETWEEN UNION ST AND PIKE HILL CLIMB,ALASKAN WAY,ALASKAN WAY BETWEEN UNION ST AND PIKE HILL CLIMB,0.5966277777777778,0.4878205128205128,0.7388888888888888,0.5666666666666667,2,Consistently high occupancy streets
8727,ALASKAN WAY BETWEEN VIRGINIA ST AND LENORA ST,ALASKAN WAY,ALASKAN WAY BETWEEN VIRGINIA ST AND LENORA ST,0.00671875,0.005208333333333333,0.007916666666666666,0.0,1,Consistently low occupancy streets
8729,ALASKAN WAY BETWEEN BLANCHARD ST AND XW BELL ST,ALASKAN WAY,ALASKAN WAY BETWEEN BLANCHARD ST AND XW BELL ST,0.0336875,0.050368589743589744,0.04132307692307692,0.09782051282051282,1,Consistently low occupancy streets
8730,ALASKAN WAY BETWEEN XW BELL ST AND WALL ST,ALASKAN WAY,ALASKAN WAY BETWEEN XW BELL ST AND WALL ST,0.4479914147864339,0.5731911375661376,0.622,0.6935185185185185,2,Consistently high occupancy streets
8731,ALASKAN WAY BETWEEN WALL ST AND VINE ST,ALASKAN WAY,ALASKAN WAY BETWEEN WALL ST AND VINE ST,0.06556996673530202,0.07437374235664208,0.10439522046886161,0.175,1,Consistently low occupancy streets
8732,ALASKAN WAY BETWEEN VINE ST AND CLAY ST,ALASKAN WAY,ALASKAN WAY BETWEEN VINE ST AND CLAY ST,0.09532628024007334,0.11976864132036548,0.09002564102564102,0.14743589743589744,1,Consistently low occupancy streets
8733,ALASKAN WAY BETWEEN CLAY ST AND BROAD ST,ALASKAN WAY,ALASKAN WAY BETWEEN CLAY ST AND BROAD ST,0.7876457275364201,0.7288993055555555,0.7449888888888888,0.7228888888888889,2,Consistently high occupancy streets
8746,ALASKAN ER WAY BETWEEN MARION ST AND MADISON ST,ALASKAN ER WAY,ALASKAN ER WAY BETWEEN MARION ST AND MADISON ST,0.2489444444444444,0.3759722222222222,0.38922222222222225,0.5241666666666667,0,Night/weekend intensive streets
8747,ALASKAN ER WAY BETWEEN MADISON ST AND SPRING ST,ALASKAN ER WAY,ALASKAN ER WAY BETWEEN MADISON ST AND SPRING ST,0.5325479166666667,0.5831770833333334,0.6065833333333334,0.6264583333333333,2,Consistently high occupancy streets
8778,ALDER ST BETWEEN DEAD END AND 9TH AVE,ALDER ST,ALDER ST BETWEEN DEAD END AND 9TH AVE,0.050026442307692306,0.09432792467948717,0.060375,0.09166666666666666,1,Consistently low occupancy streets
8779,ALDER ST BETWEEN 9TH AVE AND TERRY AVE,ALDER ST,ALDER ST BETWEEN 9TH AVE AND TERRY AVE,0.07429238474468784,0.08809088912843853,0.09544332210998877,0.13827160493827162,1,Consistently low occupancy streets
8780,ALDER ST BETWEEN TERRY AVE AND BROADWAY,ALDER ST,ALDER ST BETWEEN TERRY AVE AND BROADWAY,0.08220799605478156,0.06822916666666667,0.035654761904761904,0.10297619047619047,1,Consistently low occupancy streets
9071,BATTERY ST BETWEEN ELLIOTT AVE AND WESTERN AVE,BATTERY ST,BATTERY ST BETWEEN ELLIOTT AVE AND WESTERN AVE,0.4064416203602665,0.24597056878306875,0.4062202380952381,0.36351190476190476,0,Night/weekend intensive streets
9073,BATTERY ST BETWEEN 1ST AVE AND 2ND AVE,BATTERY ST,BATTERY ST BETWEEN 1ST AVE AND 2ND AVE,0.3909293643823568,0.5928099257708362,0.3959240196078431,0.6582598039215687,2,Consistently high occupancy streets
9074,BATTERY ST BETWEEN 2ND AVE AND 3RD AVE,BATTERY ST,BATTERY ST BETWEEN 2ND AVE AND 3RD AVE,0.3746353222288567,0.5626334728512845,0.34299999999999997,0.5858333333333333,0,Night/weekend intensive streets
9075,BATTERY ST BETWEEN 3RD AVE AND 4TH AVE,BATTERY ST,BATTERY ST BETWEEN 3RD AVE AND 4TH AVE,0.18731481481481482,0.2691029945837638,0.27495833333333336,0.5078472222222222,0,Night/weekend intensive streets
9077,BATTERY ST BETWEEN 5TH AVE AND AURORA AVE,BATTERY ST,BATTERY ST BETWEEN 5TH AVE AND AURORA AVE,0.4798715638835676,0.28053075396825394,0.4509861111111111,0.5158333333333334,0,Night/weekend intensive streets
9084,BAY ST BETWEEN WESTERN AVE AND 1ST AVE,BAY ST,BAY ST BETWEEN WESTERN AVE AND 1ST AVE,0.3320009582119978,0.36994526497932767,0.30605225988700563,0.38631944444444444,0,Night/weekend intensive streets
9201,BELL ST BETWEEN 4TH AVE AND 5TH AVE,BELL ST,BELL ST BETWEEN 4TH AVE AND 5TH AVE,0.15336604631927214,0.14731060606060606,0.04220000000000001,0.1686666666666667,1,Consistently low occupancy streets
9202,BELL ST BETWEEN 5TH AVE AND 6TH AVE,BELL ST,BELL ST BETWEEN 5TH AVE AND 6TH AVE,0.2199061640128418,0.18417002688172043,0.19420833333333334,0.4385416666666667,0,Night/weekend intensive streets
9290,BLANCHARD ST BETWEEN WESTERN AVE AND 1ST AVE,BLANCHARD ST,BLANCHARD ST BETWEEN WESTERN AVE AND 1ST AVE,0.32345631722782925,0.5112184010545906,0.5357500000000001,0.63625,2,Consistently high occupancy streets
9291,BLANCHARD ST BETWEEN 1ST AVE AND 2ND AVE,BLANCHARD ST,BLANCHARD ST BETWEEN 1ST AVE AND 2ND AVE,0.17565895145108965,0.43019464005554714,0.35091911764705885,0.4470588235294118,0,Night/weekend intensive streets
9293,BLANCHARD ST BETWEEN 3RD AVE AND 4TH AVE,BLANCHARD ST,BLANCHARD ST BETWEEN 3RD AVE AND 4TH AVE,0.23506451561525285,0.2728327247395421,0.22638506180054982,0.4559444444444444,0,Night/weekend intensive streets
9294,BLANCHARD ST BETWEEN 4TH AVE AND 5TH AVE,BLANCHARD ST,BLANCHARD ST BETWEEN 4TH AVE AND 5TH AVE,0.4491731062978941,0.5557460763549472,0.39805555555555555,0.6297222222222223,2,Consistently high occupancy streets
9295,BLANCHARD ST BETWEEN 5TH AVE AND 6TH AVE,BLANCHARD ST,BLANCHARD ST BETWEEN 5TH AVE AND 6TH AVE,0.24591789493575206,0.36015909090909093,0.19247619047619047,0.30999999999999994,0,Night/weekend intensive streets
9369,BOYLSTON AVE BETWEEN MARION ST AND MADISON ST,BOYLSTON AVE,BOYLSTON AVE BETWEEN MARION ST AND MADISON ST,0.18093217799431893,0.24076415094339626,0.1716666666666667,0.15566666666666668,1,Consistently low occupancy streets
9370,BOYLSTON AVE BETWEEN MADISON ST AND SPRING ST,BOYLSTON AVE,BOYLSTON AVE BETWEEN MADISON ST AND SPRING ST,0.09715049175485013,0.16130729166666666,0.10588333333333333,0.12904166666666667,1,Consistently low occupancy streets
9371,BOYLSTON AVE BETWEEN SPRING ST AND SENECA ST,BOYLSTON AVE,BOYLSTON AVE BETWEEN SPRING ST AND SENECA ST,0.13311180126443958,0.19215817618595396,0.16796527777777776,0.25427083333333333,1,Consistently low occupancy streets
9372,BOYLSTON AVE BETWEEN SENECA ST AND UNIVERSITY W ST,BOYLSTON AVE,BOYLSTON AVE BETWEEN SENECA ST AND UNIVERSITY W ST,0.062341566789108516,0.0518037518037518,0.0717142857142857,0.14672619047619045,1,Consistently low occupancy streets
9412,BROAD ST BETWEEN WESTERN AVE AND 1ST AVE,BROAD ST,BROAD ST BETWEEN WESTERN AVE AND 1ST AVE,0.23781327446033082,0.3829023569023569,0.3371333333333334,0.48900000000000005,0,Night/weekend intensive streets
9414,BROAD ST BETWEEN 2ND AVE AND 3RD AVE,BROAD ST,BROAD ST BETWEEN 2ND AVE AND 3RD AVE,0.5131334688496987,0.42827160493827165,0.41744444444444445,0.5847222222222223,2,Consistently high occupancy streets
9429,BROADWAY BETWEEN YESLER WAY AND E FIR ST,BROADWAY,BROADWAY BETWEEN YESLER WAY AND E FIR ST,0.10709531996919264,0.12498614808809226,0.11182044195819765,0.12307425343018563,1,Consistently low occupancy streets
9442,BROADWAY BETWEEN BOYLSTON AVE AND MARION ST,BROADWAY,BROADWAY BETWEEN BOYLSTON AVE AND MARION ST,0.18977852432499687,0.47955045351473924,0.3636666666666667,0.4961111111111111,0,Night/weekend intensive streets
9443,BROADWAY BETWEEN MARION ST AND MADISON ST,BROADWAY,BROADWAY BETWEEN MARION ST AND MADISON ST,0.12502777777777777,0.46322916666666664,0.1368888888888889,0.5338888888888889,0,Night/weekend intensive streets
9445,BROADWAY BETWEEN HARVARD AVE AND E UNION ST,BROADWAY,BROADWAY BETWEEN HARVARD AVE AND E UNION ST,0.24764559482375745,0.7976244226787704,0.4699047619047619,0.7088095238095238,2,Consistently high occupancy streets
9638,CEDAR ST BETWEEN ELLIOTT AVE AND WESTERN AVE,CEDAR ST,CEDAR ST BETWEEN ELLIOTT AVE AND WESTERN AVE,0.38252028014687683,0.42705000378983005,0.401537037037037,0.5638425925925926,0,Night/weekend intensive streets
9639,CEDAR ST BETWEEN WESTERN AVE AND 1ST AVE,CEDAR ST,CEDAR ST BETWEEN WESTERN AVE AND 1ST AVE,0.15623410182001282,0.4218472279661795,0.21916666666666665,0.48986111111111114,0,Night/weekend intensive streets
9640,CEDAR ST BETWEEN 1ST AVE AND 2ND AVE,CEDAR ST,CEDAR ST BETWEEN 1ST AVE AND 2ND AVE,0.14206925057080835,0.26968438416422286,0.22470799031476996,0.7753571428571429,0,Night/weekend intensive streets
9641,CEDAR ST BETWEEN 2ND AVE AND 3RD AVE,CEDAR ST,CEDAR ST BETWEEN 2ND AVE AND 3RD AVE,0.2912023281423721,0.4015104437028797,0.45859523809523806,0.7808809523809523,0,Night/weekend intensive streets
9642,CEDAR ST BETWEEN 3RD AVE AND 4TH AVE,CEDAR ST,CEDAR ST BETWEEN 3RD AVE AND 4TH AVE,0.43955614781707575,0.46312208774465013,0.5963095238095238,0.6751190476190476,2,Consistently high occupancy streets
9643,CEDAR ST BETWEEN 4TH AVE AND DENNY WAY,CEDAR ST,CEDAR ST BETWEEN 4TH AVE AND DENNY WAY,0.5253644156966649,0.5252839912280701,0.60965,0.5780833333333334,2,Consistently high occupancy streets
9661,CHERRY ST BETWEEN 3RD AVE AND 4TH AVE,CHERRY ST,CHERRY ST BETWEEN 3RD AVE AND 4TH AVE,0.43147608249649066,0.1804735114861697,0.16246296296296298,0.0955324074074074,1,Consistently low occupancy streets
9662,CHERRY ST BETWEEN 4TH AVE AND 5TH AVE,CHERRY ST,CHERRY ST BETWEEN 4TH AVE AND 5TH AVE,0.32640099626401,0.07020316804407714,0.08378787878787879,0.2761363636363636,1,Consistently low occupancy streets
9665,CHERRY ST BETWEEN 7TH AVE AND 8TH AVE,CHERRY ST,CHERRY ST BETWEEN 7TH AVE AND 8TH AVE,0.044572657590051454,0.05546875,0.059027777777777776,0.07083333333333333,1,Consistently low occupancy streets
9666,CHERRY ST BETWEEN 8TH AVE AND 9TH AVE,CHERRY ST,CHERRY ST BETWEEN 8TH AVE AND 9TH AVE,0.030182431393797296,0.0488095238095238,0.04757142857142857,0.042142857142857135,1,Consistently low occupancy streets
9667,CHERRY ST BETWEEN 9TH AVE AND TERRY AVE,CHERRY ST,CHERRY ST BETWEEN 9TH AVE AND TERRY AVE,0.12973443223443223,0.0984985620598828,0.16919444444444445,0.15437499999999998,1,Consistently low occupancy streets
9668,CHERRY ST BETWEEN TERRY AVE AND BOREN AVE,CHERRY ST,CHERRY ST BETWEEN TERRY AVE AND BOREN AVE,0.08282068197584919,0.04245559407635679,0.11637517046561464,0.0285824345146379,1,Consistently low occupancy streets
9669,CHERRY ST BETWEEN BOREN AVE AND MINOR AVE,CHERRY ST,CHERRY ST BETWEEN BOREN AVE AND MINOR AVE,0.1350277923583973,0.19170770787653907,0.11381818181818183,0.23181818181818184,1,Consistently low occupancy streets
9670,CHERRY ST BETWEEN MINOR AVE AND BROADWAY,CHERRY ST,CHERRY ST BETWEEN MINOR AVE AND BROADWAY,0.20472431296474639,0.17327309737454302,0.21468691148775892,0.11180555555555555,1,Consistently low occupancy streets
9682,CLAY ST BETWEEN ELLIOTT AVE AND WESTERN AVE,CLAY ST,CLAY ST BETWEEN ELLIOTT AVE AND WESTERN AVE,0.2789984733475602,0.35614903449302426,0.27076470588235296,0.4585893246187364,0,Night/weekend intensive streets
9683,CLAY ST BETWEEN WESTERN AVE AND 1ST AVE,CLAY ST,CLAY ST BETWEEN WESTERN AVE AND 1ST AVE,0.15343867988838866,0.25969981527093594,0.29114285714285715,0.4309523809523809,0,Night/weekend intensive streets
9684,CLAY ST BETWEEN 1ST AVE AND 2ND AVE,CLAY ST,CLAY ST BETWEEN 1ST AVE AND 2ND AVE,0.3858324300706865,0.25633264114807974,0.27594790308561495,0.5069230769230769,0,Night/weekend intensive streets
9685,CLAY ST BETWEEN 2ND AVE AND 3RD AVE,CLAY ST,CLAY ST BETWEEN 2ND AVE AND 3RD AVE,0.24935968154330432,0.3375892857142857,0.3019047619047619,0.45666666666666667,0,Night/weekend intensive streets
9686,CLAY ST BETWEEN 3RD AVE AND 4TH AVE,CLAY ST,CLAY ST BETWEEN 3RD AVE AND 4TH AVE,0.3548614338851593,0.36082751225490195,0.41135416666666663,0.47520833333333334,0,Night/weekend intensive streets
9730,COLUMBIA ST BETWEEN 3RD AVE AND 4TH AVE,COLUMBIA ST,COLUMBIA ST BETWEEN 3RD AVE AND 4TH AVE,0.4326865384615385,0.31389236111111113,0.21993333333333331,0.24716666666666667,0,Night/weekend intensive streets
9731,COLUMBIA ST BETWEEN 4TH AVE AND 5TH AVE,COLUMBIA ST,COLUMBIA ST BETWEEN 4TH AVE AND 5TH AVE,0.5064039351851851,0.5133966244725738,0.3606527777777778,0.4927777777777778,2,Consistently high occupancy streets
9732,COLUMBIA ST BETWEEN 5TH AVE AND 6TH AVE,COLUMBIA ST,COLUMBIA ST BETWEEN 5TH AVE AND 6TH AVE,0.4344018199233717,0.3616666666666667,0.15966666666666668,0.1475,0,Night/weekend intensive streets
9733,COLUMBIA ST BETWEEN 7TH AVE AND 8TH AVE,COLUMBIA ST,COLUMBIA ST BETWEEN 7TH AVE AND 8TH AVE,0.13420888345744436,0.02922619047619047,0.04895238095238095,0.03857142857142857,1,Consistently low occupancy streets
9734,COLUMBIA ST BETWEEN 8TH AVE AND 9TH AVE,COLUMBIA ST,COLUMBIA ST BETWEEN 8TH AVE AND 9TH AVE,0.08636452241715399,0.05307017543859649,0.07688888888888888,0.055555555555555546,1,Consistently low occupancy streets
9735,COLUMBIA ST BETWEEN 9TH AVE AND TERRY AVE,COLUMBIA ST,COLUMBIA ST BETWEEN 9TH AVE AND TERRY AVE,0.12255296813344894,0.20964321095571098,0.2683333333333333,0.2682916666666667,1,Consistently low occupancy streets
9736,COLUMBIA ST BETWEEN TERRY AVE AND BOREN AVE,COLUMBIA ST,COLUMBIA ST BETWEEN TERRY AVE AND BOREN AVE,0.08832669664697432,0.12416997682886462,0.14075000000000001,0.09475,1,Consistently low occupancy streets
10139,EAGLE ST BETWEEN WESTERN AVE AND 1ST AVE,EAGLE ST,EAGLE ST BETWEEN WESTERN AVE AND 1ST AVE,0.3066411238978635,0.3951718891971951,0.34106349206349207,0.7257738095238095,0,Night/weekend intensive streets
10140,EAGLE ST BETWEEN 1ST AVE AND 2ND WR AVE,EAGLE ST,EAGLE ST BETWEEN 1ST AVE AND 2ND WR AVE,0.4422078490394739,0.561228448275862,0.5124375,0.696875,2,Consistently high occupancy streets
10200,ELLIOTT AVE BETWEEN LENORA ST AND BLANCHARD ST,ELLIOTT AVE,ELLIOTT AVE BETWEEN LENORA ST AND BLANCHARD ST,0.485086817769289,0.3661425374656091,0.6027285714285714,0.5417142857142857,2,Consistently high occupancy streets
10203,ELLIOTT AVE BETWEEN BELL ST AND BATTERY ST,ELLIOTT AVE,ELLIOTT AVE BETWEEN BELL ST AND BATTERY ST,0.4394875746992434,0.3613382523148148,0.5467321428571429,0.49572916666666667,0,Night/weekend intensive streets
10204,ELLIOTT AVE BETWEEN BATTERY ST AND WALL ST,ELLIOTT AVE,ELLIOTT AVE BETWEEN BATTERY ST AND WALL ST,0.5292851062375793,0.425433471711666,0.5633238095238096,0.648952380952381,2,Consistently high occupancy streets
10205,ELLIOTT AVE BETWEEN WALL ST AND VINE ST,ELLIOTT AVE,ELLIOTT AVE BETWEEN WALL ST AND VINE ST,0.43739735149372394,0.3163387896825397,0.3420238095238095,0.5065000000000001,0,Night/weekend intensive streets
10206,ELLIOTT AVE BETWEEN VINE ST AND CEDAR ST,ELLIOTT AVE,ELLIOTT AVE BETWEEN VINE ST AND CEDAR ST,0.14132005934710387,0.278501716001716,0.2339345238095238,0.4695833333333333,0,Night/weekend intensive streets
10207,ELLIOTT AVE BETWEEN CEDAR ST AND CLAY ST,ELLIOTT AVE,ELLIOTT AVE BETWEEN CEDAR ST AND CLAY ST,0.4804914549893512,0.4919210218123261,0.5288888888888889,0.5825925925925926,2,Consistently high occupancy streets
10208,ELLIOTT AVE BETWEEN CLAY ST AND BROAD ST,ELLIOTT AVE,ELLIOTT AVE BETWEEN CLAY ST AND BROAD ST,0.5577037873800547,0.5031547619047619,0.6212857142857142,0.8207142857142857,2,Consistently high occupancy streets
10774,HARVARD AVE BETWEEN BROADWAY AND SPRING ST,HARVARD AVE,HARVARD AVE BETWEEN BROADWAY AND SPRING ST,0.12637896986022187,0.389557757885763,0.18008333333333332,0.36625,0,Night/weekend intensive streets
10838,HARVARD AVE BETWEEN SPRING ST AND SENECA ST,HARVARD AVE,HARVARD AVE BETWEEN SPRING ST AND SENECA ST,0.2901906395806989,0.6619253345992485,0.2672777777777778,0.653015873015873,0,Night/weekend intensive streets
10969,HUBBELL PL BETWEEN UNIVERSITY ST AND 9TH AVE,HUBBELL PL,HUBBELL PL BETWEEN UNIVERSITY ST AND 9TH AVE,0.07432889742872675,0.07053224801626337,0.07405128205128206,0.1864102564102564,1,Consistently low occupancy streets
10970,HUBBELL PL BETWEEN 9TH AVE AND PIKE ST,HUBBELL PL,HUBBELL PL BETWEEN 9TH AVE AND PIKE ST,0.1055257909443971,0.10435227272727272,0.0877,0.15383333333333332,1,Consistently low occupancy streets
11062,JEFFERSON ST BETWEEN 4TH AVE AND 5TH AVE,JEFFERSON ST,JEFFERSON ST BETWEEN 4TH AVE AND 5TH AVE,0.3070442708333333,0.13613782051282053,0.15095833333333333,0.24104166666666665,1,Consistently low occupancy streets
11065,JEFFERSON ST BETWEEN 9TH AVE AND TERRY AVE,JEFFERSON ST,JEFFERSON ST BETWEEN 9TH AVE AND TERRY AVE,0.1628902777777778,0.13472461685823756,0.113,0.07416666666666667,1,Consistently low occupancy streets
11066,JEFFERSON ST BETWEEN TERRY AVE AND BOREN AVE,JEFFERSON ST,JEFFERSON ST BETWEEN TERRY AVE AND BOREN AVE,0.0857421622261138,0.053914141414141414,0.07467592592592592,0.09699074074074074,1,Consistently low occupancy streets
11366,LENORA ST BETWEEN WESTERN AVE AND 1ST AVE,LENORA ST,LENORA ST BETWEEN WESTERN AVE AND 1ST AVE,0.4061410223587643,0.5821669958305903,0.6464761904761904,0.6861904761904761,2,Consistently high occupancy streets
11367,LENORA ST BETWEEN 1ST AVE AND 2ND AVE,LENORA ST,LENORA ST BETWEEN 1ST AVE AND 2ND AVE,0.48449262886158045,0.7816630747126437,0.6320833333333333,0.7904166666666667,2,Consistently high occupancy streets
11368,LENORA ST BETWEEN 2ND AVE AND 3RD AVE,LENORA ST,LENORA ST BETWEEN 2ND AVE AND 3RD AVE,0.26699797623411536,0.365787037037037,0.3078333333333333,0.2966666666666667,0,Night/weekend intensive streets
11369,LENORA ST BETWEEN 3RD AVE AND 4TH AVE,LENORA ST,LENORA ST BETWEEN 3RD AVE AND 4TH AVE,0.22312427662037038,0.13479166666666667,0.5145833333333334,0.6841666666666667,0,Night/weekend intensive streets
11370,LENORA ST BETWEEN 4TH AVE AND 5TH AVE,LENORA ST,LENORA ST BETWEEN 4TH AVE AND 5TH AVE,0.2194416510860128,0.20570275403608737,0.2647916666666667,0.5708333333333333,0,Night/weekend intensive streets
11371,LENORA ST BETWEEN 5TH AVE AND 6TH AVE,LENORA ST,LENORA ST BETWEEN 5TH AVE AND 6TH AVE,0.22534463945931962,0.14578626543209877,0.18718287037037037,0.5235416666666667,0,Night/weekend intensive streets
11579,MADISON ST BETWEEN ALASKAN E RDWY WAY AND WESTERN AVE,MADISON ST,MADISON ST BETWEEN ALASKAN E RDWY WAY AND WESTERN AVE,0.47478125,0.3797786458333333,0.727,0.67625,2,Consistently high occupancy streets
11581,MADISON ST BETWEEN POST AVE AND 1ST AVE,MADISON ST,MADISON ST BETWEEN POST AVE AND 1ST AVE,0.7990520833333333,0.9143640350877192,0.9228333333333333,0.99,2,Consistently high occupancy streets
11583,MADISON ST BETWEEN 2ND AVE AND 3RD AVE,MADISON ST,MADISON ST BETWEEN 2ND AVE AND 3RD AVE,0.4083888888888889,0.5339087301587301,0.34888888888888886,0.48388888888888887,0,Night/weekend intensive streets
11584,MADISON ST BETWEEN 3RD AVE AND 4TH AVE,MADISON ST,MADISON ST BETWEEN 3RD AVE AND 4TH AVE,0.5341388888888889,0.5066239316239316,0.42388888888888887,0.5105555555555557,2,Consistently high occupancy streets
11585,MADISON ST BETWEEN 4TH AVE AND 5TH AVE,MADISON ST,MADISON ST BETWEEN 4TH AVE AND 5TH AVE,0.5961449859747545,0.5111904761904762,0.6362222222222222,0.7705555555555555,2,Consistently high occupancy streets
11586,MADISON ST BETWEEN 5TH AVE AND 6TH AVE,MADISON ST,MADISON ST BETWEEN 5TH AVE AND 6TH AVE,0.3060015151515152,0.2231578947368421,0.2561333333333333,0.333,0,Night/weekend intensive streets
11660,MARION ST BETWEEN ALASKAN ER WAY AND WESTERN AVE,MARION ST,MARION ST BETWEEN ALASKAN ER WAY AND WESTERN AVE,0.38009722222222225,0.44708333333333333,0.5456666666666666,0.7177777777777778,2,Consistently high occupancy streets
11662,MARION ST BETWEEN POST AVE AND 1ST AVE,MARION ST,MARION ST BETWEEN POST AVE AND 1ST AVE,0.3290737179487179,0.3162393162393163,0.4751666666666667,0.475,0,Night/weekend intensive streets
11664,MARION ST BETWEEN 2ND AVE AND 3RD AVE,MARION ST,MARION ST BETWEEN 2ND AVE AND 3RD AVE,0.4675069444444444,0.46694444444444444,0.2278333333333333,0.42444444444444446,0,Night/weekend intensive streets
11665,MARION ST BETWEEN 3RD AVE AND 4TH AVE,MARION ST,MARION ST BETWEEN 3RD AVE AND 4TH AVE,0.5852988175135826,0.10023809523809524,0.2887619047619047,0.545952380952381,0,Night/weekend intensive streets
11666,MARION ST BETWEEN 4TH AVE AND 5TH AVE,MARION ST,MARION ST BETWEEN 4TH AVE AND 5TH AVE,0.5420021367521367,0.4417853751187084,0.43477777777777776,0.5211111111111111,2,Consistently high occupancy streets
11667,MARION ST BETWEEN 5TH AVE AND 6TH AVE,MARION ST,MARION ST BETWEEN 5TH AVE AND 6TH AVE,0.3625304232804233,0.30597079900877366,0.30833333333333335,0.32379629629629625,0,Night/weekend intensive streets
11668,MARION ST BETWEEN 7TH AVE AND 8TH AVE,MARION ST,MARION ST BETWEEN 7TH AVE AND 8TH AVE,0.3918565606161652,0.2302901089168235,0.09699999999999999,0.30322916666666666,0,Night/weekend intensive streets
11669,MARION ST BETWEEN 8TH AVE AND 9TH AVE,MARION ST,MARION ST BETWEEN 8TH AVE AND 9TH AVE,0.1250023348565015,0.06774764150943395,0.04238888888888889,0.10027777777777777,1,Consistently low occupancy streets
11670,MARION ST BETWEEN 9TH AVE AND TERRY AVE,MARION ST,MARION ST BETWEEN 9TH AVE AND TERRY AVE,0.08763416353596455,0.07199404761904762,0.08647186147186148,0.12,1,Consistently low occupancy streets
11671,MARION ST BETWEEN TERRY AVE AND BOREN AVE,MARION ST,MARION ST BETWEEN TERRY AVE AND BOREN AVE,0.238603559618911,0.267275,0.33230000000000004,0.37733333333333335,0,Night/weekend intensive streets
11868,MINOR AVE BETWEEN JAMES ST AND CHERRY ST,MINOR AVE,MINOR AVE BETWEEN JAMES ST AND CHERRY ST,0.21824820947246823,0.22502083333333336,0.1376666666666667,0.15966666666666668,1,Consistently low occupancy streets
11871,MINOR AVE BETWEEN MARION ST AND MADISON ST,MINOR AVE,MINOR AVE BETWEEN MARION ST AND MADISON ST,0.2806801480281973,0.27116103316326534,0.24328333333333332,0.24050000000000002,0,Night/weekend intensive streets
11872,MINOR AVE BETWEEN MADISON ST AND SPRING ST,MINOR AVE,MINOR AVE BETWEEN MADISON ST AND SPRING ST,0.12308273148566097,0.09575498575498576,0.10094444444444443,0.13555555555555557,1,Consistently low occupancy streets
11873,MINOR AVE BETWEEN SPRING ST AND SENECA ST,MINOR AVE,MINOR AVE BETWEEN SPRING ST AND SENECA ST,0.06226204120958153,0.06032494758909853,0.09260416666666667,0.11452546296296295,1,Consistently low occupancy streets
11874,MINOR AVE BETWEEN SENECA ST AND UNIVERSITY ST,MINOR AVE,MINOR AVE BETWEEN SENECA ST AND UNIVERSITY ST,0.1286212171806346,0.1583234554597701,0.13585416666666666,0.19541666666666666,1,Consistently low occupancy streets
11875,MINOR AVE BETWEEN UNIVERSITY ST AND UNION ST,MINOR AVE,MINOR AVE BETWEEN UNIVERSITY ST AND UNION ST,0.09995377109691089,0.11534445398922281,0.1343660714285714,0.13968750000000002,1,Consistently low occupancy streets
12041,OLIVE WAY BETWEEN 3RD AVE AND 4TH AVE,OLIVE WAY,OLIVE WAY BETWEEN 3RD AVE AND 4TH AVE,0.1806875,0.34786324786324785,0.32583333333333336,0.46375,0,Night/weekend intensive streets
12042,OLIVE WAY BETWEEN 4TH AVE AND 5TH AVE,OLIVE WAY,OLIVE WAY BETWEEN 4TH AVE AND 5TH AVE,0.5623177083333334,0.11433333333333333,0.6924666666666667,0.7423333333333333,2,Consistently high occupancy streets
12043,OLIVE WAY BETWEEN 5TH AVE AND 6TH AVE,OLIVE WAY,OLIVE WAY BETWEEN 5TH AVE AND 6TH AVE,0.5155361757105943,0.19541666666666666,0.5088333333333334,0.45125000000000004,0,Night/weekend intensive streets
12044,OLIVE WAY BETWEEN 6TH AVE AND 7TH AVE,OLIVE WAY,OLIVE WAY BETWEEN 6TH AVE AND 7TH AVE,0.362995337995338,0.23899122807017545,0.34308333333333335,0.4945833333333334,0,Night/weekend intensive streets
12045,OLIVE WAY BETWEEN 7TH AVE AND HOWELL ST,OLIVE WAY,OLIVE WAY BETWEEN 7TH AVE AND HOWELL ST,0.5266200466200467,0.2785,0.32506666666666667,0.37233333333333335,0,Night/weekend intensive streets
12200,PIKE ST BETWEEN 4TH AVE AND 5TH AVE,PIKE ST,PIKE ST BETWEEN 4TH AVE AND 5TH AVE,0.5232569444444445,0.5782700421940928,0.5651111111111111,0.6763888888888889,2,Consistently high occupancy streets
12211,PINE ST BETWEEN PIKE PL AND POST AL,PINE ST,PINE ST BETWEEN PIKE PL AND POST AL,0.7428876325895469,0.8587719298245614,0.6479166666666667,0.6216666666666667,2,Consistently high occupancy streets
12212,PINE ST BETWEEN POST AL AND 1ST AVE,PINE ST,PINE ST BETWEEN POST AL AND 1ST AVE,0.062206572769953054,0.000462962962962963,0.04055555555555556,0.0,1,Consistently low occupancy streets
12768,SENECA ST BETWEEN ALASKAN WAY AND WESTERN AVE,SENECA ST,SENECA ST BETWEEN ALASKAN WAY AND WESTERN AVE,0.466,0.43569078947368417,0.47850000000000004,0.6572916666666666,2,Consistently high occupancy streets
12769,SENECA ST BETWEEN WESTERN AVE AND POST AVE,SENECA ST,SENECA ST BETWEEN WESTERN AVE AND POST AVE,0.4650436507936508,0.407977207977208,0.6212222222222222,0.546111111111111,2,Consistently high occupancy streets
12771,SENECA ST BETWEEN 1ST AVE AND 2ND AVE,SENECA ST,SENECA ST BETWEEN 1ST AVE AND 2ND AVE,0.47317638888888885,0.6204219409282701,0.6354333333333334,0.8125555555555556,2,Consistently high occupancy streets
12772,SENECA ST BETWEEN 2ND AVE AND 3RD AVE,SENECA ST,SENECA ST BETWEEN 2ND AVE AND 3RD AVE,0.49743478260869567,0.6565624999999999,0.6235833333333334,0.9487500000000001,2,Consistently high occupancy streets
12773,SENECA ST BETWEEN 3RD AVE AND 4TH AVE,SENECA ST,SENECA ST BETWEEN 3RD AVE AND 4TH AVE,0.5096263888888889,0.48879344986939927,0.3449444444444444,0.6355555555555555,2,Consistently high occupancy streets
12775,SENECA ST BETWEEN 5TH AVE AND 6TH AVE,SENECA ST,SENECA ST BETWEEN 5TH AVE AND 6TH AVE,0.1983371212121212,0.17537878787878786,0.23403030303030303,0.3110606060606061,1,Consistently low occupancy streets
12778,SENECA ST BETWEEN 8TH AVE AND 9TH AVE,SENECA ST,SENECA ST BETWEEN 8TH AVE AND 9TH AVE,0.24282156332491286,0.43409248044953763,0.19213333333333335,0.38322222222222224,0,Night/weekend intensive streets
12779,SENECA ST BETWEEN 9TH AVE AND TERRY AVE,SENECA ST,SENECA ST BETWEEN 9TH AVE AND TERRY AVE,0.2799399649624839,0.367987586238199,0.25801111111111114,0.45461111111111113,0,Night/weekend intensive streets
12780,SENECA ST BETWEEN TERRY AVE AND BOREN AVE,SENECA ST,SENECA ST BETWEEN TERRY AVE AND BOREN AVE,0.16424892205231753,0.20935894053247775,0.14975925925925926,0.22171296296296297,1,Consistently low occupancy streets
12781,SENECA ST BETWEEN BOREN AVE AND MINOR AVE,SENECA ST,SENECA ST BETWEEN BOREN AVE AND MINOR AVE,0.10291414306107058,0.2475926443947144,0.1846031746031746,0.3551587301587302,1,Consistently low occupancy streets
12782,SENECA ST BETWEEN MINOR AVE AND SUMMIT AVE,SENECA ST,SENECA ST BETWEEN MINOR AVE AND SUMMIT AVE,0.09981338785848273,0.07579633204633204,0.08360119047619047,0.15976190476190474,1,Consistently low occupancy streets
12783,SENECA ST BETWEEN SUMMIT AVE AND BOYLSTON AVE,SENECA ST,SENECA ST BETWEEN SUMMIT AVE AND BOYLSTON AVE,0.12796098830501196,0.18885134088938438,0.2109583333333333,0.34496527777777775,1,Consistently low occupancy streets
12784,SENECA ST BETWEEN BOYLSTON AVE AND HARVARD AVE,SENECA ST,SENECA ST BETWEEN BOYLSTON AVE AND HARVARD AVE,0.14013392484028606,0.308113722697056,0.19988888888888887,0.4095833333333333,0,Night/weekend intensive streets
12857,SPRING ST BETWEEN ALASKAN WAY AND WESTERN AVE,SPRING ST,SPRING ST BETWEEN ALASKAN WAY AND WESTERN AVE,0.549703947368421,0.5508333333333334,0.72,0.7474999999999999,2,Consistently high occupancy streets
12866,SPRING ST BETWEEN 7TH AVE AND 8TH AVE,SPRING ST,SPRING ST BETWEEN 7TH AVE AND 8TH AVE,0.11334209944609355,0.18520833333333334,0.1493809523809524,0.2685119047619048,1,Consistently low occupancy streets
12867,SPRING ST BETWEEN 8TH AVE AND 9TH AVE,SPRING ST,SPRING ST BETWEEN 8TH AVE AND 9TH AVE,0.12393684184926892,0.2904849041889483,0.12391666666666667,0.368125,1,Consistently low occupancy streets
12869,SPRING ST BETWEEN TERRY AVE AND BOREN AVE,SPRING ST,SPRING ST BETWEEN TERRY AVE AND BOREN AVE,0.10428293342922379,0.12817708333333333,0.13755357142857144,0.29485119047619046,1,Consistently low occupancy streets
12870,SPRING ST BETWEEN BOREN AVE AND MINOR AVE,SPRING ST,SPRING ST BETWEEN BOREN AVE AND MINOR AVE,0.06199285327372197,0.07845763305322129,0.07408928571428572,0.07863095238095238,1,Consistently low occupancy streets
12871,SPRING ST BETWEEN MINOR AVE AND SUMMIT AVE,SPRING ST,SPRING ST BETWEEN MINOR AVE AND SUMMIT AVE,0.05698040710138929,0.05116959064327485,0.06035493827160494,0.017283950617283952,1,Consistently low occupancy streets
12872,SPRING ST BETWEEN SUMMIT AVE AND BOYLSTON AVE,SPRING ST,SPRING ST BETWEEN SUMMIT AVE AND BOYLSTON AVE,0.10230239070376847,0.2529834365107986,0.18466666666666665,0.3134126984126984,1,Consistently low occupancy streets
12873,SPRING ST BETWEEN BOYLSTON AVE AND HARVARD AVE,SPRING ST,SPRING ST BETWEEN BOYLSTON AVE AND HARVARD AVE,0.10937624677146596,0.23561534986334962,0.16685833333333336,0.26083333333333336,1,Consistently low occupancy streets
12895,STEWART ST BETWEEN PIKE PL AND POST AL,STEWART ST,STEWART ST BETWEEN PIKE PL AND POST AL,0.2954375,0.3212606837606838,0.2508333333333333,0.25458333333333333,0,Night/weekend intensive streets
12896,STEWART ST BETWEEN POST AL AND 1ST AVE,STEWART ST,STEWART ST BETWEEN POST AL AND 1ST AVE,0.42486666666666667,0.7062280701754385,0.36266666666666664,0.636,2,Consistently high occupancy streets
12897,STEWART ST BETWEEN 1ST AVE AND 2ND AVE,STEWART ST,STEWART ST BETWEEN 1ST AVE AND 2ND AVE,0.33923333333333333,0.43532763532763535,0.3636666666666667,0.3516666666666667,0,Night/weekend intensive streets
12898,STEWART ST BETWEEN 2ND AVE AND 3RD AVE,STEWART ST,STEWART ST BETWEEN 2ND AVE AND 3RD AVE,0.3996875,0.4645833333333333,0.5834166666666667,0.6895833333333333,2,Consistently high occupancy streets
12900,STEWART ST BETWEEN 4TH AVE AND 5TH AVE,STEWART ST,STEWART ST BETWEEN 4TH AVE AND 5TH AVE,0.33111596170072327,0.2953459175233369,0.38182539682539685,0.48584656084656086,0,Night/weekend intensive streets
12981,SUMMIT AVE BETWEEN MADISON ST AND SPRING ST,SUMMIT AVE,SUMMIT AVE BETWEEN MADISON ST AND SPRING ST,0.09660391672560383,0.15148315736551032,0.11695833333333333,0.12249999999999998,1,Consistently low occupancy streets
12982,SUMMIT AVE BETWEEN SPRING ST AND SENECA ST,SUMMIT AVE,SUMMIT AVE BETWEEN SPRING ST AND SENECA ST,0.11627368859891657,0.13069975173351678,0.13127777777777777,0.22916666666666666,1,Consistently low occupancy streets
12983,SUMMIT AVE BETWEEN SENECA ST AND UNIVERSITY ST,SUMMIT AVE,SUMMIT AVE BETWEEN SENECA ST AND UNIVERSITY ST,0.06538998763669196,0.0721747388414055,0.10809259259259259,0.08601851851851851,1,Consistently low occupancy streets
12984,SUMMIT AVE BETWEEN UNIVERSITY ST AND E UNION ST,SUMMIT AVE,SUMMIT AVE BETWEEN UNIVERSITY ST AND E UNION ST,0.22354126636913235,0.3179692028985507,0.22977777777777778,0.3547222222222222,0,Night/weekend intensive streets
13072,TAYLOR AVE BETWEEN 5TH AVE AND DENNY WAY,TAYLOR AVE,TAYLOR AVE BETWEEN 5TH AVE AND DENNY WAY,0.2201870007262164,0.4635802469135803,0.5871111111111111,0.5938888888888888,0,Night/weekend intensive streets
13095,TERRACE ST BETWEEN YESLER WAY AND 5TH AVE,TERRACE ST,TERRACE ST BETWEEN YESLER WAY AND 5TH AVE,0.2880535714285714,0.16904761904761903,0.24247619047619046,0.33666666666666667,0,Night/weekend intensive streets
13096,TERRACE ST BETWEEN DEAD END 2 AND TERRY AVE,TERRACE ST,TERRACE ST BETWEEN DEAD END 2 AND TERRY AVE,0.05537757934597735,0.013076923076923078,0.03144444444444445,0.09055555555555556,1,Consistently low occupancy streets
13097,TERRACE ST BETWEEN TERRY AVE AND BOREN AVE,TERRACE ST,TERRACE ST BETWEEN TERRY AVE AND BOREN AVE,0.058418235154299454,0.042743033731405825,0.034907407407407415,0.0811111111111111,1,Consistently low occupancy streets
13101,TERRY AVE BETWEEN ALDER ST AND TERRACE ST,TERRY AVE,TERRY AVE BETWEEN ALDER ST AND TERRACE ST,0.06313162962169871,0.048978542034097586,0.045521164021164025,0.07177248677248677,1,Consistently low occupancy streets
13102,TERRY AVE BETWEEN TERRACE ST AND JEFFERSON ST,TERRY AVE,TERRY AVE BETWEEN TERRACE ST AND JEFFERSON ST,0.08710173253703382,0.07656172564178809,0.08257407407407408,0.021064814814814814,1,Consistently low occupancy streets
13104,TERRY AVE BETWEEN JAMES ST AND CHERRY ST,TERRY AVE,TERRY AVE BETWEEN JAMES ST AND CHERRY ST,0.06568388068528047,0.029692982456140354,0.0794,0.03433333333333334,1,Consistently low occupancy streets
13105,TERRY AVE BETWEEN CHERRY ST AND COLUMBIA ST,TERRY AVE,TERRY AVE BETWEEN CHERRY ST AND COLUMBIA ST,0.13894179894179895,0.1599206349206349,0.3415238095238095,0.19023809523809523,1,Consistently low occupancy streets
13107,TERRY AVE BETWEEN MARION ST AND MADISON ST,TERRY AVE,TERRY AVE BETWEEN MARION ST AND MADISON ST,0.10695831676294229,0.12384259259259259,0.12590277777777775,0.16927083333333334,1,Consistently low occupancy streets
13108,TERRY AVE BETWEEN MADISON ST AND SPRING ST,TERRY AVE,TERRY AVE BETWEEN MADISON ST AND SPRING ST,0.12177679046100097,0.1547222222222222,0.07129629629629629,0.22037037037037036,1,Consistently low occupancy streets
13110,TERRY AVE BETWEEN UNIVERSITY ST AND UNION ST,TERRY AVE,TERRY AVE BETWEEN UNIVERSITY ST AND UNION ST,0.2378664984389084,0.3755051418439716,0.2905,0.3125,0,Night/weekend intensive streets
13177,UNION ST BETWEEN WESTERN AVE AND POST AL,UNION ST,UNION ST BETWEEN WESTERN AVE AND POST AL,0.29476356589147285,0.3145833333333333,0.5095555555555555,0.45944444444444443,0,Night/weekend intensive streets
13180,UNION ST BETWEEN 2ND AVE AND 3RD AVE,UNION ST,UNION ST BETWEEN 2ND AVE AND 3RD AVE,0.23995833333333333,0.4236111111111111,0.45683333333333337,0.6033333333333333,0,Night/weekend intensive streets
13181,UNION ST BETWEEN 3RD AVE AND 4TH AVE,UNION ST,UNION ST BETWEEN 3RD AVE AND 4TH AVE,0.49853125,0.5057440476190476,0.39299999999999996,0.61125,2,Consistently high occupancy streets
13182,UNION ST BETWEEN 4TH AVE AND 5TH AVE,UNION ST,UNION ST BETWEEN 4TH AVE AND 5TH AVE,0.5974,0.6429059829059829,0.6881999999999999,0.8033333333333333,2,Consistently high occupancy streets
13183,UNION ST BETWEEN 5TH AVE AND 6TH AVE,UNION ST,UNION ST BETWEEN 5TH AVE AND 6TH AVE,0.5620689655172414,0.7272079772079773,0.595,0.6827777777777777,2,Consistently high occupancy streets
13184,UNION ST BETWEEN 6TH AVE AND 7TH AVE,UNION ST,UNION ST BETWEEN 6TH AVE AND 7TH AVE,0.30669753086419754,0.535108024691358,0.415625,0.5024305555555555,0,Night/weekend intensive streets
13186,UNION ST BETWEEN TERRY AVE AND BOREN AVE,UNION ST,UNION ST BETWEEN TERRY AVE AND BOREN AVE,0.07745744254741933,0.06609262125902993,0.06554166666666666,0.08229166666666667,1,Consistently low occupancy streets
13187,UNION ST BETWEEN BOREN AVE AND MINOR AVE,UNION ST,UNION ST BETWEEN BOREN AVE AND MINOR AVE,0.1093386524822695,0.11774561403508772,0.11895238095238093,0.14595238095238094,1,Consistently low occupancy streets
13199,UNIVERSITY ST BETWEEN ALASKAN WAY AND WESTERN AVE,UNIVERSITY ST,UNIVERSITY ST BETWEEN ALASKAN WAY AND WESTERN AVE,0.2847934472934473,0.37046408756935073,0.4650277777777778,0.39666666666666667,0,Night/weekend intensive streets
13200,UNIVERSITY ST BETWEEN 1ST AVE AND 2ND AVE,UNIVERSITY ST,UNIVERSITY ST BETWEEN 1ST AVE AND 2ND AVE,0.4490057430007178,0.776092796092796,0.5229285714285714,0.792142857142857,2,Consistently high occupancy streets
13201,UNIVERSITY ST BETWEEN 2ND AVE AND 3RD AVE,UNIVERSITY ST,UNIVERSITY ST BETWEEN 2ND AVE AND 3RD AVE,0.6265106837606838,0.8163817663817664,0.5715555555555555,0.7011111111111111,2,Consistently high occupancy streets
13202,UNIVERSITY ST BETWEEN 3RD AVE AND 4TH AVE,UNIVERSITY ST,UNIVERSITY ST BETWEEN 3RD AVE AND 4TH AVE,0.27850478927203065,0.39527777777777773,0.18011111111111108,0.3572222222222222,0,Night/weekend intensive streets
13203,UNIVERSITY ST BETWEEN 4TH AVE AND 5TH AVE,UNIVERSITY ST,UNIVERSITY ST BETWEEN 4TH AVE AND 5TH AVE,0.4438304093567251,0.6443737855502562,0.41194444444444445,0.575,2,Consistently high occupancy streets
13204,UNIVERSITY ST BETWEEN 5TH AVE AND 6TH AVE,UNIVERSITY ST,UNIVERSITY ST BETWEEN 5TH AVE AND 6TH AVE,0.2445,0.14680555555555555,0.32755555555555554,0.7466666666666667,0,Night/weekend intensive streets
13207,UNIVERSITY ST BETWEEN 9TH AVE AND TERRY AVE,UNIVERSITY ST,UNIVERSITY ST BETWEEN 9TH AVE AND TERRY AVE,0.22707464557217513,0.3645379118217054,0.26058333333333333,0.29229166666666667,0,Night/weekend intensive streets
13208,UNIVERSITY ST BETWEEN TERRY AVE AND BOREN AVE,UNIVERSITY ST,UNIVERSITY ST BETWEEN TERRY AVE AND BOREN AVE,0.10817081479267257,0.09183897243107769,0.09206349206349206,0.19517857142857142,1,Consistently low occupancy streets
13209,UNIVERSITY ST BETWEEN BOREN AVE AND MINOR AVE,UNIVERSITY ST,UNIVERSITY ST BETWEEN BOREN AVE AND MINOR AVE,0.07048770290328031,0.1543088975462362,0.14173333333333335,0.22316666666666668,1,Consistently low occupancy streets
13210,UNIVERSITY ST BETWEEN MINOR AVE AND SUMMIT AVE,UNIVERSITY ST,UNIVERSITY ST BETWEEN MINOR AVE AND SUMMIT AVE,0.10357304470392614,0.13312167633004732,0.13270833333333334,0.175875,1,Consistently low occupancy streets
13211,UNIVERSITY ST BETWEEN SUMMIT AVE AND BOYLSTON W AVE,UNIVERSITY ST,UNIVERSITY ST BETWEEN SUMMIT AVE AND BOYLSTON W AVE,0.04018507646148593,0.05002605368808315,0.05524145299145299,0.12732905982905982,1,Consistently low occupancy streets
13299,VINE ST BETWEEN ALASKAN WAY AND ELLIOTT AVE,VINE ST,VINE ST BETWEEN ALASKAN WAY AND ELLIOTT AVE,0.3698255774901782,0.38714791666666665,0.33823333333333333,0.36512500000000003,0,Night/weekend intensive streets
13300,VINE ST BETWEEN ELLIOTT AVE AND WESTERN AVE,VINE ST,VINE ST BETWEEN ELLIOTT AVE AND WESTERN AVE,0.2540809848309848,0.26785714285714285,0.32028571428571423,0.45619047619047615,0,Night/weekend intensive streets
13301,VINE ST BETWEEN WESTERN AVE AND 1ST AVE,VINE ST,VINE ST BETWEEN WESTERN AVE AND 1ST AVE,0.2845488389682903,0.4529306793424441,0.24136111111111108,0.6460833333333333,0,Night/weekend intensive streets
13302,VINE ST BETWEEN 1ST AVE AND 2ND AVE,VINE ST,VINE ST BETWEEN 1ST AVE AND 2ND AVE,0.4103217809455089,0.5366361816361815,0.4626190476190476,0.5408333333333333,2,Consistently high occupancy streets
13303,VINE ST BETWEEN 2ND AVE AND 3RD AVE,VINE ST,VINE ST BETWEEN 2ND AVE AND 3RD AVE,0.28531802335848755,0.3816795093067774,0.2252777777777778,0.6629166666666666,0,Night/weekend intensive streets
13304,VINE ST BETWEEN 3RD AVE AND 4TH AVE,VINE ST,VINE ST BETWEEN 3RD AVE AND 4TH AVE,0.436059718434972,0.408555314171123,0.4595218855218855,0.6172053872053872,2,Consistently high occupancy streets
13305,VINE ST BETWEEN 4TH AVE AND 5TH AVE,VINE ST,VINE ST BETWEEN 4TH AVE AND 5TH AVE,0.40466040621856714,0.34880261156186615,0.5556388888888889,0.48374999999999996,0,Night/weekend intensive streets
13306,VINE ST BETWEEN 5TH AVE AND DENNY WAY,VINE ST,VINE ST BETWEEN 5TH AVE AND DENNY WAY,0.14837697649611487,0.274074074074074,0.09729166666666667,0.14375,1,Consistently low occupancy streets
13308,VIRGINIA ST BETWEEN PIKE PL AND POST AL,VIRGINIA ST,VIRGINIA ST BETWEEN PIKE PL AND POST AL,0.9843333333333334,0.971111111111111,0.9878888888888889,0.9988888888888889,2,Consistently high occupancy streets
13309,VIRGINIA ST BETWEEN POST AL AND 1ST AVE,VIRGINIA ST,VIRGINIA ST BETWEEN POST AL AND 1ST AVE,0.006134259259259259,0.006793272864701436,0.014351851851851848,0.0,1,Consistently low occupancy streets
13310,VIRGINIA ST BETWEEN 1ST AVE AND 2ND AVE,VIRGINIA ST,VIRGINIA ST BETWEEN 1ST AVE AND 2ND AVE,0.3986857764611221,0.5567592592592592,0.567047619047619,0.6573809523809524,2,Consistently high occupancy streets
13311,VIRGINIA ST BETWEEN 2ND AVE AND 3RD AVE,VIRGINIA ST,VIRGINIA ST BETWEEN 2ND AVE AND 3RD AVE,0.27803780295758906,0.4497356638326108,0.3506666666666666,0.4083333333333333,0,Night/weekend intensive streets
13312,VIRGINIA ST BETWEEN 3RD AVE AND 4TH AVE,VIRGINIA ST,VIRGINIA ST BETWEEN 3RD AVE AND 4TH AVE,0.39379437620170377,0.5449267676767676,0.48533333333333334,0.5881481481481481,2,Consistently high occupancy streets
13313,VIRGINIA ST BETWEEN 4TH AVE AND 5TH AVE,VIRGINIA ST,VIRGINIA ST BETWEEN 4TH AVE AND 5TH AVE,0.31312568614886105,0.27435686642565815,0.40353472222222225,0.4806597222222222,0,Night/weekend intensive streets
13314,VIRGINIA ST BETWEEN 5TH AVE AND 6TH AVE,VIRGINIA ST,VIRGINIA ST BETWEEN 5TH AVE AND 6TH AVE,0.2566765194825576,0.3693677515899738,0.31066666666666665,0.5066666666666666,0,Night/weekend intensive streets
13352,WALL ST BETWEEN ALASKAN WAY AND ELLIOTT AVE,WALL ST,WALL ST BETWEEN ALASKAN WAY AND ELLIOTT AVE,0.5347513047138047,0.506425925925926,0.5650666666666667,0.5803333333333334,2,Consistently high occupancy streets
13353,WALL ST BETWEEN ELLIOTT AVE AND WESTERN AVE,WALL ST,WALL ST BETWEEN ELLIOTT AVE AND WESTERN AVE,0.32580967783214637,0.3661062036854876,0.46196666666666664,0.6448333333333334,0,Night/weekend intensive streets
13354,WALL ST BETWEEN WESTERN AVE AND 1ST AVE,WALL ST,WALL ST BETWEEN WESTERN AVE AND 1ST AVE,0.25241281470037225,0.508234375,0.3025333333333333,0.5285,0,Night/weekend intensive streets
13355,WALL ST BETWEEN 1ST AVE AND 2ND AVE,WALL ST,WALL ST BETWEEN 1ST AVE AND 2ND AVE,0.49924951348738167,0.7049386758276844,0.4645092592592593,0.7555092592592593,2,Consistently high occupancy streets
13356,WALL ST BETWEEN 2ND AVE AND 3RD AVE,WALL ST,WALL ST BETWEEN 2ND AVE AND 3RD AVE,0.2996441725526951,0.5038906926406926,0.48596296296296293,0.9115740740740741,2,Consistently high occupancy streets
13357,WALL ST BETWEEN 3RD AVE AND 4TH AVE,WALL ST,WALL ST BETWEEN 3RD AVE AND 4TH AVE,0.15695321833930703,0.13674768518518518,0.40185185185185185,0.8601851851851852,0,Night/weekend intensive streets
13358,WALL ST BETWEEN 4TH AVE AND 5TH AVE,WALL ST,WALL ST BETWEEN 4TH AVE AND 5TH AVE,0.47949895829865613,0.42996794871794874,0.48609375000000005,0.6127604166666667,2,Consistently high occupancy streets
13462,WARREN PL BETWEEN 1ST AVE AND DENNY WAY,WARREN PL,WARREN PL BETWEEN 1ST AVE AND DENNY WAY,0.2938928952991453,0.4007563997821351,0.45520833333333327,0.5238888888888888,0,Night/weekend intensive streets
13497,WESTERN AVE BETWEEN COLUMBIA ST AND MARION ST,WESTERN AVE,WESTERN AVE BETWEEN COLUMBIA ST AND MARION ST,0.4823690476190476,0.4222619047619047,0.516047619047619,0.6154761904761905,2,Consistently high occupancy streets
13498,WESTERN AVE BETWEEN MARION ST AND MADISON ST,WESTERN AVE,WESTERN AVE BETWEEN MARION ST AND MADISON ST,0.6144166666666667,0.6773504273504274,0.9308333333333333,0.9966666666666667,2,Consistently high occupancy streets
13499,WESTERN AVE BETWEEN MADISON ST AND SPRING ST,WESTERN AVE,WESTERN AVE BETWEEN MADISON ST AND SPRING ST,0.5974041666666667,0.58675,0.7421000000000001,0.7713333333333333,2,Consistently high occupancy streets
13500,WESTERN AVE BETWEEN SPRING ST AND SENECA ST,WESTERN AVE,WESTERN AVE BETWEEN SPRING ST AND SENECA ST,0.5070076923076923,0.5564502164502164,0.6192833333333333,0.58275,2,Consistently high occupancy streets
13501,WESTERN AVE BETWEEN SENECA ST AND UNIVERSITY ST,WESTERN AVE,WESTERN AVE BETWEEN SENECA ST AND UNIVERSITY ST,0.4348855559777103,0.4246684749849307,0.5931547619047619,0.4777678571428571,2,Consistently high occupancy streets
13502,WESTERN AVE BETWEEN UNIVERSITY ST AND UNION ST,WESTERN AVE,WESTERN AVE BETWEEN UNIVERSITY ST AND UNION ST,0.37625,0.39258333333333334,0.5569,0.48650000000000004,0,Night/weekend intensive streets
13503,WESTERN AVE BETWEEN UNION ST AND PIKE ST,WESTERN AVE,WESTERN AVE BETWEEN UNION ST AND PIKE ST,0.2664860600490196,0.34074367088607593,0.3525833333333333,0.4114583333333333,0,Night/weekend intensive streets
13504,WESTERN AVE BETWEEN PIKE ST AND PINE ST,WESTERN AVE,WESTERN AVE BETWEEN PIKE ST AND PINE ST,0.41108333333333336,0.5148784722222223,0.5817916666666667,0.5929166666666666,2,Consistently high occupancy streets
13505,WESTERN AVE BETWEEN PINE ST AND VIRGINIA ST,WESTERN AVE,WESTERN AVE BETWEEN PINE ST AND VIRGINIA ST,0.5959929503367003,0.6647729018293534,0.7377575757575758,0.7987878787878787,2,Consistently high occupancy streets
13506,WESTERN AVE BETWEEN VIRGINIA ST AND LENORA ST,WESTERN AVE,WESTERN AVE BETWEEN VIRGINIA ST AND LENORA ST,0.6800466639095671,0.6680626503126503,0.7913730158730159,0.7049603174603175,2,Consistently high occupancy streets
13507,WESTERN AVE BETWEEN LENORA ST AND BLANCHARD ST,WESTERN AVE,WESTERN AVE BETWEEN LENORA ST AND BLANCHARD ST,0.5007259979324634,0.49879609829825344,0.6327363636363637,0.652719696969697,2,Consistently high occupancy streets
13508,WESTERN AVE BETWEEN BLANCHARD ST AND BELL ST,WESTERN AVE,WESTERN AVE BETWEEN BLANCHARD ST AND BELL ST,0.35166181830228077,0.12867054870261346,0.4408148148148148,0.15314814814814814,0,Night/weekend intensive streets
13509,WESTERN AVE BETWEEN BELL ST AND BATTERY ST,WESTERN AVE,WESTERN AVE BETWEEN BELL ST AND BATTERY ST,0.37131931829844006,0.40529647435897437,0.41133333333333333,0.4366666666666667,0,Night/weekend intensive streets
13510,WESTERN AVE BETWEEN BATTERY ST AND WALL ST,WESTERN AVE,WESTERN AVE BETWEEN BATTERY ST AND WALL ST,0.3637383760359365,0.5478804976851852,0.5214222222222222,0.615111111111111,2,Consistently high occupancy streets
13511,WESTERN AVE BETWEEN WALL ST AND VINE ST,WESTERN AVE,WESTERN AVE BETWEEN WALL ST AND VINE ST,0.32501875971125066,0.39314589056776555,0.36279464285714286,0.5814434523809524,0,Night/weekend intensive streets
13512,WESTERN AVE BETWEEN VINE ST AND CEDAR ST,WESTERN AVE,WESTERN AVE BETWEEN VINE ST AND CEDAR ST,0.4946949602533666,0.57151456207483,0.42606428571428573,0.6572738095238095,2,Consistently high occupancy streets
13513,WESTERN AVE BETWEEN CEDAR ST AND CLAY ST,WESTERN AVE,WESTERN AVE BETWEEN CEDAR ST AND CLAY ST,0.26169445302415634,0.40737438501393247,0.33821666666666667,0.5681944444444444,0,Night/weekend intensive streets
13514,WESTERN AVE BETWEEN CLAY ST AND BROAD ST,WESTERN AVE,WESTERN AVE BETWEEN CLAY ST AND BROAD ST,0.3263092474125473,0.35365035669975187,0.48794444444444446,0.6575694444444444,0,Night/weekend intensive streets
13515,WESTERN AVE BETWEEN BROAD ST AND EAGLE ST,WESTERN AVE,WESTERN AVE BETWEEN BROAD ST AND EAGLE ST,0.302668107340688,0.4400405403325123,0.5651916666666668,0.6386041666666666,2,Consistently high occupancy streets
13516,WESTERN AVE BETWEEN EAGLE ST AND BAY ST,WESTERN AVE,WESTERN AVE BETWEEN EAGLE ST AND BAY ST,0.39753038716083183,0.4060330636160714,0.35282291666666665,0.6247395833333333,0,Night/weekend intensive streets
13517,WESTERN AVE BETWEEN BAY ST AND QUEEN ANNE AVE,WESTERN AVE,WESTERN AVE BETWEEN BAY ST AND QUEEN ANNE AVE,0.6947552170558527,0.6069401041666667,0.6368333333333333,0.8495833333333334,2,Consistently high occupancy streets
13766,YESLER WAY BETWEEN TERRACE ST AND 6TH AVE,YESLER WAY,YESLER WAY BETWEEN TERRACE ST AND 6TH AVE,0.34910937500000006,0.14178819444444443,0.17395833333333333,0.3636111111111111,0,Night/weekend intensive streets
13768,YESLER WAY BETWEEN 8TH AVE AND BROADWAY,YESLER WAY,YESLER WAY BETWEEN 8TH AVE AND BROADWAY,0.1575438596491228,0.16900584795321635,0.06416666666666666,0.08194444444444443,1,Consistently low occupancy streets
13879,E CHERRY ST BETWEEN BROADWAY AND DEAD END,E CHERRY ST,E CHERRY ST BETWEEN BROADWAY AND DEAD END,0.4795186817151103,0.2687860455737044,0.18955555555555556,0.10944444444444443,0,Night/weekend intensive streets
489857,9TH AVE BETWEEN 9TH AV I5 EXPRESS ON RP AND PINE ST,9TH AVE,9TH AVE BETWEEN 9TH AV I5 EXPRESS ON RP AND PINE ST,0.09688899277959587,0.21764705882352942,0.04978691476590637,0.2644444444444444,1,Consistently low occupancy streets
490101,MADISON ST OFF RP BETWEEN I5 NB COLLECTOR AND 7TH AVE,MADISON ST OFF RP,7TH AVE BETWEEN JAMES ST AND CHERRY ST,0.04894024209048411,0.008906250000000001,0.025083333333333332,0.0,1,Consistently low occupancy streets
726976,SR99 TUNNEL NB BETWEEN ALASKAN WY VI NB AND SR99 REPUBLICAN OFF RP,SR99 TUNNEL NB,1ST AVE BETWEEN SENECA ST AND UNIVERSITY ST,0.5355624999999999,0.7303728070175438,0.60925,0.7991666666666667,2,Consistently high occupancy streets
726976,SR99 TUNNEL NB BETWEEN ALASKAN WY VI NB AND SR99 REPUBLICAN OFF RP,SR99 TUNNEL NB,1ST AVE BETWEEN UNION ST AND PIKE ST,0.6337660256410257,0.33197916666666666,0.7593333333333334,0.6741666666666667,2,Consistently high occupancy streets
726976,SR99 TUNNEL NB BETWEEN ALASKAN WY VI NB AND SR99 REPUBLICAN OFF RP,SR99 TUNNEL NB,1ST AVE BETWEEN UNIVERSITY ST AND UNION ST,0.5008487654320988,0.2714583333333333,0.6764583333333333,0.755625,2,Consistently high occupancy streets
726976,SR99 TUNNEL NB BETWEEN ALASKAN WY VI NB AND SR99 REPUBLICAN OFF RP,SR99 TUNNEL NB,3RD AVE BETWEEN BLANCHARD ST AND BELL ST,0.20927255452961352,0.3896875,0.23697089947089947,0.5055555555555555,0,Night/weekend intensive streets
726976,SR99 TUNNEL NB BETWEEN ALASKAN WY VI NB AND SR99 REPUBLICAN OFF RP,SR99 TUNNEL NB,4TH AVE BETWEEN BELL ST AND BATTERY ST,0.3908643297836376,0.47390625000000003,0.316375,0.6131249999999999,0,Night/weekend intensive streets
726976,SR99 TUNNEL NB BETWEEN ALASKAN WY VI NB AND SR99 REPUBLICAN OFF RP,SR99 TUNNEL NB,5TH AVE BETWEEN BATTERY ST AND WALL ST,0.4974066287878788,0.26108333333333333,0.4227666666666666,0.465,0,Night/weekend intensive streets
726976,SR99 TUNNEL NB BETWEEN ALASKAN WY VI NB AND SR99 REPUBLICAN OFF RP,SR99 TUNNEL NB,BATTERY ST BETWEEN 4TH AVE AND 5TH AVE,0.5015811833683711,0.3540403046811945,0.26501168907071887,0.60875,0,Night/weekend intensive streets
726976,SR99 TUNNEL NB BETWEEN ALASKAN WY VI NB AND SR99 REPUBLICAN OFF RP,SR99 TUNNEL NB,BELL ST BETWEEN 3RD AVE AND 4TH AVE,0.16293560606060606,0.3267781007751938,0.11416666666666667,0.13166666666666665,1,Consistently low occupancy streets
726976,SR99 TUNNEL NB BETWEEN ALASKAN WY VI NB AND SR99 REPUBLICAN OFF RP,SR99 TUNNEL NB,VIRGINIA ST BETWEEN 1ST AVE AND 2ND AVE,0.4528338095238095,0.57698715651135,0.6816,0.7310000000000001,2,Consistently high occupancy streets
726976,SR99 TUNNEL NB BETWEEN ALASKAN WY VI NB AND SR99 REPUBLICAN OFF RP,SR99 TUNNEL NB,WALL ST BETWEEN 5TH AVE AND 6TH AVE,0.4554295738250132,0.4975833333333333,0.4410666666666667,0.5463333333333333,2,Consistently high occupancy streets
726976,SR99 TUNNEL NB BETWEEN ALASKAN WY VI NB AND SR99 REPUBLICAN OFF RP,SR99 TUNNEL NB,WESTERN AVE BETWEEN COLUMBIA ST AND MARION ST,0.34747333333333336,0.35914999999999997,0.5724,0.599,0,Night/weekend intensive streets
726977,SR99 TUNNEL SB BETWEEN 6TH AVE N ON RP AND ALASKAN WY VI SB,SR99 TUNNEL SB,1ST AVE BETWEEN STEWART ST AND VIRGINIA ST,0.6343752801685494,0.6911920323685029,0.8080833333333334,0.8538888888888888,2,Consistently high occupancy streets
726977,SR99 TUNNEL SB BETWEEN 6TH AVE N ON RP AND ALASKAN WY VI SB,SR99 TUNNEL SB,3RD AVE BETWEEN BLANCHARD ST AND BELL ST,0.22984063192904658,0.3692842348927875,0.17925925925925926,0.7641666666666667,0,Night/weekend intensive streets
726977,SR99 TUNNEL SB BETWEEN 6TH AVE N ON RP AND ALASKAN WY VI SB,SR99 TUNNEL SB,4TH AVE BETWEEN BELL ST AND BATTERY ST,0.36852229530396097,0.30566666666666664,0.31573333333333337,0.3393333333333334,0,Night/weekend intensive streets
726977,SR99 TUNNEL SB BETWEEN 6TH AVE N ON RP AND ALASKAN WY VI SB,SR99 TUNNEL SB,5TH AVE BETWEEN BATTERY ST AND WALL ST,0.348822140083632,0.2765798611111111,0.28575,0.5520833333333333,0,Night/weekend intensive streets
726977,SR99 TUNNEL SB BETWEEN 6TH AVE N ON RP AND ALASKAN WY VI SB,SR99 TUNNEL SB,BATTERY ST BETWEEN 4TH AVE AND 5TH AVE,0.4270604740296989,0.33170763544251447,0.321125,0.5154166666666666,0,Night/weekend intensive streets
726977,SR99 TUNNEL SB BETWEEN 6TH AVE N ON RP AND ALASKAN WY VI SB,SR99 TUNNEL SB,BLANCHARD ST BETWEEN 2ND AVE AND 3RD AVE,0.09246478886075213,0.21987535612535614,0.11187606837606838,0.26175213675213677,1,Consistently low occupancy streets
726977,SR99 TUNNEL SB BETWEEN 6TH AVE N ON RP AND ALASKAN WY VI SB,SR99 TUNNEL SB,MADISON ST BETWEEN WESTERN AVE AND POST AVE,0.48075,0.5893668831168831,0.7336666666666666,0.8275,2,Consistently high occupancy streets
726977,SR99 TUNNEL SB BETWEEN 6TH AVE N ON RP AND ALASKAN WY VI SB,SR99 TUNNEL SB,WESTERN AVE BETWEEN MARION ST AND MADISON ST,0.2036842105263158,0.20368819776714514,0.6445000000000001,0.5716666666666667,0,Night/weekend intensive streets
