compkey,unitdesc,onstreet,cluster,cluster_label,street_id,n_neighbors,n_same_cluster,same_cluster_ratio
1002,1ST AVE BETWEEN COLUMBIA ST AND MARION ST,1ST AVE,0.0,Night/weekend intensive streets,0,1.0,1.0,1.0
1007,1ST AVE BETWEEN UNIVERSITY ST AND UNION ST,1ST AVE,2.0,Consistently high occupancy streets,1,3.0,2.0,0.6666666666666666
1008,1ST AVE BETWEEN UNION ST AND PIKE ST,1ST AVE,0.0,Night/weekend intensive streets,2,2.0,0.0,0.0
1009,1ST AVE BETWEEN PIKE ST AND PINE ST,1ST AVE,2.0,Consistently high occupancy streets,3,3.0,1.0,0.3333333333333333
1010,1ST AVE BETWEEN PINE ST AND STEWART ST,1ST AVE,2.0,Consistently high occupancy streets,4,5.0,3.0,0.6
1012,1ST AVE BETWEEN VIRGINIA ST AND LENORA ST,1ST AVE,2.0,Consistently high occupancy streets,5,6.0,5.0,0.8333333333333334
1013,1ST AVE BETWEEN LENORA ST AND BLANCHARD ST,1ST AVE,2.0,Consistently high occupancy streets,6,6.0,4.0,0.6666666666666666
1014,1ST AVE BETWEEN BLANCHARD ST AND BELL ST,1ST AVE,0.0,Night/weekend intensive streets,7,4.0,1.0,0.25
1015,1ST AVE BETWEEN BELL ST AND BATTERY ST,1ST AVE,2.0,Consistently high occupancy streets,8,3.0,2.0,0.6666666666666666
1016,1ST AVE BETWEEN BATTERY ST AND WALL ST,1ST AVE,2.0,Consistently high occupancy streets,9,5.0,3.0,0.6
1017,1ST AVE BETWEEN WALL ST AND VINE ST,1ST AVE,0.0,Night/weekend intensive streets,10,6.0,3.0,0.5
1018,1ST AVE BETWEEN VINE ST AND CEDAR ST,1ST AVE,0.0,Night/weekend intensive streets,11,6.0,5.0,0.8333333333333334
1019,1ST AVE BETWEEN CEDAR ST AND CLAY ST,1ST AVE,0.0,Night/weekend intensive streets,12,6.0,6.0,1.0
1020,1ST AVE BETWEEN CLAY ST AND BROAD ST,1ST AVE,0.0,Night/weekend intensive streets,13,5.0,5.0,1.0
1023,1ST AVE BETWEEN WARREN PL AND BAY ST,1ST AVE,0.0,Night/weekend intensive streets,14,2.0,2.0,1.0
2751,2ND AVE BETWEEN COLUMBIA ST AND MARION ST,2ND AVE,1.0,Consistently low occupancy streets,15,2.0,1.0,0.5
2752,2ND AVE BETWEEN MARION ST AND MADISON ST,2ND AVE,1.0,Consistently low occupancy streets,16,4.0,1.0,0.25
2754,2ND AVE BETWEEN SPRING ST AND SENECA ST,2ND AVE,1.0,Consistently low occupancy streets,17,4.0,0.0,0.0
2757,2ND AVE BETWEEN UNION ST AND PIKE ST,2ND AVE,0.0,Night/weekend intensive streets,18,2.0,2.0,1.0
2759,2ND AVE BETWEEN PINE ST AND STEWART ST,2ND AVE,0.0,Night/weekend intensive streets,19,4.0,3.0,0.75
2762,2ND AVE BETWEEN LENORA ST AND BLANCHARD ST,2ND AVE,0.0,Night/weekend intensive streets,20,5.0,4.0,0.8
2763,2ND AVE BETWEEN BLANCHARD ST AND BELL ST,2ND AVE,0.0,Night/weekend intensive streets,21,3.0,2.0,0.6666666666666666
2764,2ND AVE BETWEEN BELL ST AND BATTERY ST,2ND AVE,2.0,Consistently high occupancy streets,22,4.0,1.0,0.25
2766,2ND AVE BETWEEN WALL ST AND VINE ST,2ND AVE,2.0,Consistently high occupancy streets,23,6.0,3.0,0.5
2767,2ND AVE BETWEEN VINE ST AND CEDAR ST,2ND AVE,0.0,Night/weekend intensive streets,24,6.0,4.0,0.6666666666666666
2768,2ND AVE BETWEEN CEDAR ST AND CLAY ST,2ND AVE,0.0,Night/weekend intensive streets,25,6.0,6.0,1.0
2769,2ND AVE BETWEEN CLAY ST AND BROAD ST,2ND AVE,0.0,Night/weekend intensive streets,26,5.0,4.0,0.8
2770,2ND AVE BETWEEN BROAD ST AND 2ND WR AVE,2ND AVE,0.0,Night/weekend intensive streets,27,2.0,1.0,0.5
6124,4TH AVE BETWEEN COLUMBIA ST AND MARION ST,4TH AVE,0.0,Night/weekend intensive streets,28,4.0,2.0,0.5
6126,4TH AVE BETWEEN MADISON ST AND SPRING ST,4TH AVE,0.0,Night/weekend intensive streets,29,2.0,0.0,0.0
6130,4TH AVE BETWEEN UNION ST AND PIKE ST,4TH AVE,0.0,Night/weekend intensive streets,30,3.0,0.0,0.0
6136,4TH AVE BETWEEN STEWART ST AND VIRGINIA ST,4TH AVE,2.0,Consistently high occupancy streets,31,4.0,2.0,0.5
6138,4TH AVE BETWEEN LENORA ST AND BLANCHARD ST,4TH AVE,0.0,Night/weekend intensive streets,32,5.0,3.0,0.6
6142,4TH AVE BETWEEN WALL ST AND VINE ST,4TH AVE,2.0,Consistently high occupancy streets,33,6.0,3.0,0.5
6143,4TH AVE BETWEEN VINE ST AND CEDAR ST,4TH AVE,0.0,Night/weekend intensive streets,34,6.0,1.0,0.16666666666666666
6144,4TH AVE BETWEEN CEDAR ST AND CLAY ST,4TH AVE,2.0,Consistently high occupancy streets,35,3.0,2.0,0.6666666666666666
4390,3RD AVE BETWEEN BELL ST AND BATTERY ST,3RD AVE,2.0,Consistently high occupancy streets,36,3.0,1.0,0.3333333333333333
4391,3RD AVE BETWEEN BATTERY ST AND WALL ST,3RD AVE,2.0,Consistently high occupancy streets,37,6.0,2.0,0.3333333333333333
4392,3RD AVE BETWEEN WALL ST AND VINE ST,3RD AVE,0.0,Night/weekend intensive streets,38,5.0,2.0,0.4
4394,3RD AVE BETWEEN CEDAR ST AND CLAY ST,3RD AVE,0.0,Night/weekend intensive streets,39,5.0,4.0,0.8
4395,3RD AVE BETWEEN CLAY ST AND BROAD ST,3RD AVE,0.0,Night/weekend intensive streets,40,4.0,3.0,0.75
7875,6TH AVE BETWEEN COLUMBIA ST AND MARION ST,6TH AVE,1.0,Consistently low occupancy streets,41,2.0,0.0,0.0
7880,6TH AVE BETWEEN UNIVERSITY ST AND UNION ST,6TH AVE,0.0,Night/weekend intensive streets,42,4.0,3.0,0.75
7883,6TH AVE BETWEEN PIKE ST AND PINE ST,6TH AVE,0.0,Night/weekend intensive streets,43,1.0,1.0,1.0
8721,ALASKAN WAY BETWEEN SPRING ST AND SENECA ST,ALASKAN WAY,2.0,Consistently high occupancy streets,44,3.0,3.0,1.0
8723,ALASKAN WAY BETWEEN UNIVERSITY ST AND UNION ST,ALASKAN WAY,2.0,Consistently high occupancy streets,45,2.0,1.0,0.5
8152,7TH AVE BETWEEN JAMES ST AND CHERRY ST,7TH AVE,1.0,Consistently low occupancy streets,46,2.0,2.0,1.0
8724,ALASKAN WAY BETWEEN UNION ST AND PIKE HILL CLIMB,ALASKAN WAY,2.0,Consistently high occupancy streets,47,1.0,1.0,1.0
8153,7TH AVE BETWEEN CHERRY ST AND COLUMBIA ST,7TH AVE,1.0,Consistently low occupancy streets,48,3.0,3.0,1.0
8727,ALASKAN WAY BETWEEN VIRGINIA ST AND LENORA ST,ALASKAN WAY,1.0,Consistently low occupancy streets,49,0.0,0.0,
8156,7TH AVE BETWEEN MADISON ST AND SPRING ST,7TH AVE,1.0,Consistently low occupancy streets,50,2.0,2.0,1.0
8730,ALASKAN WAY BETWEEN XW BELL ST AND WALL ST,ALASKAN WAY,2.0,Consistently high occupancy streets,51,3.0,1.0,0.3333333333333333
8731,ALASKAN WAY BETWEEN WALL ST AND VINE ST,ALASKAN WAY,1.0,Consistently low occupancy streets,52,4.0,1.0,0.25
8732,ALASKAN WAY BETWEEN VINE ST AND CLAY ST,ALASKAN WAY,1.0,Consistently low occupancy streets,53,3.0,1.0,0.3333333333333333
8733,ALASKAN WAY BETWEEN CLAY ST AND BROAD ST,ALASKAN WAY,2.0,Consistently high occupancy streets,54,1.0,0.0,0.0
8746,ALASKAN ER WAY BETWEEN MARION ST AND MADISON ST,ALASKAN ER WAY,0.0,Night/weekend intensive streets,55,3.0,0.0,0.0
8747,ALASKAN ER WAY BETWEEN MADISON ST AND SPRING ST,ALASKAN ER WAY,2.0,Consistently high occupancy streets,56,4.0,3.0,0.75
8779,ALDER ST BETWEEN 9TH AVE AND TERRY AVE,ALDER ST,1.0,Consistently low occupancy streets,57,4.0,4.0,1.0
8272,8TH AVE BETWEEN JAMES ST AND CHERRY ST,8TH AVE,1.0,Consistently low occupancy streets,58,3.0,3.0,1.0
8273,8TH AVE BETWEEN CHERRY ST AND COLUMBIA ST,8TH AVE,1.0,Consistently low occupancy streets,59,6.0,5.0,0.8333333333333334
8275,8TH AVE BETWEEN MARION ST AND MADISON ST,8TH AVE,1.0,Consistently low occupancy streets,60,4.0,2.0,0.5
8276,8TH AVE BETWEEN MADISON ST AND SPRING ST,8TH AVE,1.0,Consistently low occupancy streets,61,4.0,3.0,0.75
8277,8TH AVE BETWEEN SPRING ST AND SENECA ST,8TH AVE,0.0,Night/weekend intensive streets,62,4.0,1.0,0.25
7229,5TH AVE BETWEEN MARION ST AND MADISON ST,5TH AVE,0.0,Night/weekend intensive streets,63,5.0,3.0,0.6
7230,5TH AVE BETWEEN MADISON ST AND SPRING ST,5TH AVE,0.0,Night/weekend intensive streets,64,3.0,2.0,0.6666666666666666
7243,5TH AVE BETWEEN VIRGINIA ST AND LENORA ST,5TH AVE,0.0,Night/weekend intensive streets,65,6.0,6.0,1.0
7245,5TH AVE BETWEEN BLANCHARD ST AND BELL ST,5TH AVE,0.0,Night/weekend intensive streets,66,6.0,3.0,0.5
7246,5TH AVE BETWEEN BELL ST AND BATTERY ST,5TH AVE,2.0,Consistently high occupancy streets,67,4.0,0.0,0.0
7249,5TH AVE BETWEEN TAYLOR AVE AND DENNY WAY,5TH AVE,0.0,Night/weekend intensive streets,68,2.0,1.0,0.5
9071,BATTERY ST BETWEEN ELLIOTT AVE AND WESTERN AVE,BATTERY ST,0.0,Night/weekend intensive streets,69,4.0,2.0,0.5
9073,BATTERY ST BETWEEN 1ST AVE AND 2ND AVE,BATTERY ST,2.0,Consistently high occupancy streets,70,5.0,3.0,0.6
9074,BATTERY ST BETWEEN 2ND AVE AND 3RD AVE,BATTERY ST,0.0,Night/weekend intensive streets,71,6.0,2.0,0.3333333333333333
9077,BATTERY ST BETWEEN 5TH AVE AND AURORA AVE,BATTERY ST,0.0,Night/weekend intensive streets,72,1.0,0.0,0.0
8509,9TH AVE BETWEEN E FIR ST AND ALDER ST,9TH AVE,1.0,Consistently low occupancy streets,73,2.0,2.0,1.0
8513,9TH AVE BETWEEN CHERRY ST AND COLUMBIA ST,9TH AVE,1.0,Consistently low occupancy streets,74,5.0,5.0,1.0
8514,9TH AVE BETWEEN COLUMBIA ST AND MARION ST,9TH AVE,1.0,Consistently low occupancy streets,75,6.0,6.0,1.0
8521,9TH AVE BETWEEN PINE ST AND OLIVE WAY,9TH AVE,0.0,Night/weekend intensive streets,76,1.0,0.0,0.0
9202,BELL ST BETWEEN 5TH AVE AND 6TH AVE,BELL ST,0.0,Night/weekend intensive streets,77,3.0,1.0,0.3333333333333333
10969,HUBBELL PL BETWEEN UNIVERSITY ST AND 9TH AVE,HUBBELL PL,1.0,Consistently low occupancy streets,78,1.0,1.0,1.0
11062,JEFFERSON ST BETWEEN 4TH AVE AND 5TH AVE,JEFFERSON ST,1.0,Consistently low occupancy streets,79,1.0,0.0,0.0
11065,JEFFERSON ST BETWEEN 9TH AVE AND TERRY AVE,JEFFERSON ST,1.0,Consistently low occupancy streets,80,3.0,2.0,0.6666666666666666
11066,JEFFERSON ST BETWEEN TERRY AVE AND BOREN AVE,JEFFERSON ST,1.0,Consistently low occupancy streets,81,2.0,2.0,1.0
11367,LENORA ST BETWEEN 1ST AVE AND 2ND AVE,LENORA ST,2.0,Consistently high occupancy streets,82,6.0,3.0,0.5
11368,LENORA ST BETWEEN 2ND AVE AND 3RD AVE,LENORA ST,0.0,Night/weekend intensive streets,83,5.0,3.0,0.6
11370,LENORA ST BETWEEN 4TH AVE AND 5TH AVE,LENORA ST,0.0,Night/weekend intensive streets,84,6.0,5.0,0.8333333333333334
11371,LENORA ST BETWEEN 5TH AVE AND 6TH AVE,LENORA ST,0.0,Night/weekend intensive streets,85,3.0,3.0,1.0
9290,BLANCHARD ST BETWEEN WESTERN AVE AND 1ST AVE,BLANCHARD ST,2.0,Consistently high occupancy streets,86,5.0,2.0,0.4
9291,BLANCHARD ST BETWEEN 1ST AVE AND 2ND AVE,BLANCHARD ST,0.0,Night/weekend intensive streets,87,5.0,3.0,0.6
9293,BLANCHARD ST BETWEEN 3RD AVE AND 4TH AVE,BLANCHARD ST,0.0,Night/weekend intensive streets,88,3.0,1.0,0.3333333333333333
9294,BLANCHARD ST BETWEEN 4TH AVE AND 5TH AVE,BLANCHARD ST,2.0,Consistently high occupancy streets,89,5.0,0.0,0.0
9295,BLANCHARD ST BETWEEN 5TH AVE AND 6TH AVE,BLANCHARD ST,0.0,Night/weekend intensive streets,90,3.0,2.0,0.6666666666666666
9369,BOYLSTON AVE BETWEEN MARION ST AND MADISON ST,BOYLSTON AVE,1.0,Consistently low occupancy streets,91,1.0,1.0,1.0
9370,BOYLSTON AVE BETWEEN MADISON ST AND SPRING ST,BOYLSTON AVE,1.0,Consistently low occupancy streets,92,4.0,4.0,1.0
9371,BOYLSTON AVE BETWEEN SPRING ST AND SENECA ST,BOYLSTON AVE,1.0,Consistently low occupancy streets,93,6.0,5.0,0.8333333333333334
9372,BOYLSTON AVE BETWEEN SENECA ST AND UNIVERSITY W ST,BOYLSTON AVE,1.0,Consistently low occupancy streets,94,4.0,3.0,0.75
11579,MADISON ST BETWEEN ALASKAN E RDWY WAY AND WESTERN AVE,MADISON ST,2.0,Consistently high occupancy streets,95,4.0,3.0,0.75
11583,MADISON ST BETWEEN 2ND AVE AND 3RD AVE,MADISON ST,0.0,Night/weekend intensive streets,96,3.0,1.0,0.3333333333333333
11584,MADISON ST BETWEEN 3RD AVE AND 4TH AVE,MADISON ST,2.0,Consistently high occupancy streets,97,3.0,1.0,0.3333333333333333
11585,MADISON ST BETWEEN 4TH AVE AND 5TH AVE,MADISON ST,2.0,Consistently high occupancy streets,98,5.0,1.0,0.2
9414,BROAD ST BETWEEN 2ND AVE AND 3RD AVE,BROAD ST,2.0,Consistently high occupancy streets,99,3.0,0.0,0.0
9429,BROADWAY BETWEEN YESLER WAY AND E FIR ST,BROADWAY,1.0,Consistently low occupancy streets,100,1.0,1.0,1.0
9442,BROADWAY BETWEEN BOYLSTON AVE AND MARION ST,BROADWAY,0.0,Night/weekend intensive streets,101,1.0,1.0,1.0
9443,BROADWAY BETWEEN MARION ST AND MADISON ST,BROADWAY,0.0,Night/weekend intensive streets,102,1.0,1.0,1.0
9445,BROADWAY BETWEEN HARVARD AVE AND E UNION ST,BROADWAY,2.0,Consistently high occupancy streets,103,1.0,0.0,0.0
11660,MARION ST BETWEEN ALASKAN ER WAY AND WESTERN AVE,MARION ST,2.0,Consistently high occupancy streets,104,3.0,2.0,0.6666666666666666
11662,MARION ST BETWEEN POST AVE AND 1ST AVE,MARION ST,0.0,Night/weekend intensive streets,105,1.0,1.0,1.0
11664,MARION ST BETWEEN 2ND AVE AND 3RD AVE,MARION ST,0.0,Night/weekend intensive streets,106,3.0,1.0,0.3333333333333333
11665,MARION ST BETWEEN 3RD AVE AND 4TH AVE,MARION ST,0.0,Night/weekend intensive streets,107,3.0,2.0,0.6666666666666666
11666,MARION ST BETWEEN 4TH AVE AND 5TH AVE,MARION ST,2.0,Consistently high occupancy streets,108,4.0,0.0,0.0
11667,MARION ST BETWEEN 5TH AVE AND 6TH AVE,MARION ST,0.0,Night/weekend intensive streets,109,3.0,1.0,0.3333333333333333
11669,MARION ST BETWEEN 8TH AVE AND 9TH AVE,MARION ST,1.0,Consistently low occupancy streets,110,6.0,4.0,0.6666666666666666
11670,MARION ST BETWEEN 9TH AVE AND TERRY AVE,MARION ST,1.0,Consistently low occupancy streets,111,5.0,4.0,0.8
10139,EAGLE ST BETWEEN WESTERN AVE AND 1ST AVE,EAGLE ST,0.0,Night/weekend intensive streets,112,4.0,2.0,0.5
10140,EAGLE ST BETWEEN 1ST AVE AND 2ND WR AVE,EAGLE ST,2.0,Consistently high occupancy streets,113,2.0,0.0,0.0
9639,CEDAR ST BETWEEN WESTERN AVE AND 1ST AVE,CEDAR ST,0.0,Night/weekend intensive streets,114,6.0,5.0,0.8333333333333334
9640,CEDAR ST BETWEEN 1ST AVE AND 2ND AVE,CEDAR ST,0.0,Night/weekend intensive streets,115,6.0,6.0,1.0
9641,CEDAR ST BETWEEN 2ND AVE AND 3RD AVE,CEDAR ST,0.0,Night/weekend intensive streets,116,5.0,4.0,0.8
9642,CEDAR ST BETWEEN 3RD AVE AND 4TH AVE,CEDAR ST,2.0,Consistently high occupancy streets,117,5.0,2.0,0.4
10200,ELLIOTT AVE BETWEEN LENORA ST AND BLANCHARD ST,ELLIOTT AVE,2.0,Consistently high occupancy streets,118,3.0,3.0,1.0
10203,ELLIOTT AVE BETWEEN BELL ST AND BATTERY ST,ELLIOTT AVE,0.0,Night/weekend intensive streets,119,2.0,1.0,0.5
10204,ELLIOTT AVE BETWEEN BATTERY ST AND WALL ST,ELLIOTT AVE,2.0,Consistently high occupancy streets,120,5.0,1.0,0.2
10205,ELLIOTT AVE BETWEEN WALL ST AND VINE ST,ELLIOTT AVE,0.0,Night/weekend intensive streets,121,6.0,4.0,0.6666666666666666
10206,ELLIOTT AVE BETWEEN VINE ST AND CEDAR ST,ELLIOTT AVE,0.0,Night/weekend intensive streets,122,5.0,4.0,0.8
10207,ELLIOTT AVE BETWEEN CEDAR ST AND CLAY ST,ELLIOTT AVE,2.0,Consistently high occupancy streets,123,4.0,1.0,0.25
10208,ELLIOTT AVE BETWEEN CLAY ST AND BROAD ST,ELLIOTT AVE,2.0,Consistently high occupancy streets,124,2.0,1.0,0.5
9661,CHERRY ST BETWEEN 3RD AVE AND 4TH AVE,CHERRY ST,1.0,Consistently low occupancy streets,125,1.0,1.0,1.0
9662,CHERRY ST BETWEEN 4TH AVE AND 5TH AVE,CHERRY ST,1.0,Consistently low occupancy streets,126,1.0,1.0,1.0
9665,CHERRY ST BETWEEN 7TH AVE AND 8TH AVE,CHERRY ST,1.0,Consistently low occupancy streets,127,5.0,5.0,1.0
9666,CHERRY ST BETWEEN 8TH AVE AND 9TH AVE,CHERRY ST,1.0,Consistently low occupancy streets,128,5.0,5.0,1.0
9667,CHERRY ST BETWEEN 9TH AVE AND TERRY AVE,CHERRY ST,1.0,Consistently low occupancy streets,129,5.0,5.0,1.0
9669,CHERRY ST BETWEEN BOREN AVE AND MINOR AVE,CHERRY ST,1.0,Consistently low occupancy streets,130,3.0,3.0,1.0
9683,CLAY ST BETWEEN WESTERN AVE AND 1ST AVE,CLAY ST,0.0,Night/weekend intensive streets,131,6.0,6.0,1.0
9684,CLAY ST BETWEEN 1ST AVE AND 2ND AVE,CLAY ST,0.0,Night/weekend intensive streets,132,6.0,6.0,1.0
9685,CLAY ST BETWEEN 2ND AVE AND 3RD AVE,CLAY ST,0.0,Night/weekend intensive streets,133,6.0,6.0,1.0
9686,CLAY ST BETWEEN 3RD AVE AND 4TH AVE,CLAY ST,0.0,Night/weekend intensive streets,134,3.0,3.0,1.0
11871,MINOR AVE BETWEEN MARION ST AND MADISON ST,MINOR AVE,0.0,Night/weekend intensive streets,135,1.0,0.0,0.0
11872,MINOR AVE BETWEEN MADISON ST AND SPRING ST,MINOR AVE,1.0,Consistently low occupancy streets,136,4.0,3.0,0.75
11873,MINOR AVE BETWEEN SPRING ST AND SENECA ST,MINOR AVE,1.0,Consistently low occupancy streets,137,6.0,6.0,1.0
11875,MINOR AVE BETWEEN UNIVERSITY ST AND UNION ST,MINOR AVE,1.0,Consistently low occupancy streets,138,4.0,4.0,1.0
9730,COLUMBIA ST BETWEEN 3RD AVE AND 4TH AVE,COLUMBIA ST,0.0,Night/weekend intensive streets,139,2.0,1.0,0.5
9732,COLUMBIA ST BETWEEN 5TH AVE AND 6TH AVE,COLUMBIA ST,0.0,Night/weekend intensive streets,140,2.0,0.0,0.0
9733,COLUMBIA ST BETWEEN 7TH AVE AND 8TH AVE,COLUMBIA ST,1.0,Consistently low occupancy streets,141,4.0,3.0,0.75
9734,COLUMBIA ST BETWEEN 8TH AVE AND 9TH AVE,COLUMBIA ST,1.0,Consistently low occupancy streets,142,6.0,5.0,0.8333333333333334
9735,COLUMBIA ST BETWEEN 9TH AVE AND TERRY AVE,COLUMBIA ST,1.0,Consistently low occupancy streets,143,5.0,5.0,1.0
9736,COLUMBIA ST BETWEEN TERRY AVE AND BOREN AVE,COLUMBIA ST,1.0,Consistently low occupancy streets,144,2.0,2.0,1.0
13879,E CHERRY ST BETWEEN BROADWAY AND DEAD END,E CHERRY ST,0.0,Night/weekend intensive streets,145,1.0,0.0,0.0
13095,TERRACE ST BETWEEN YESLER WAY AND 5TH AVE,TERRACE ST,0.0,Night/weekend intensive streets,146,3.0,2.0,0.6666666666666666
13096,TERRACE ST BETWEEN DEAD END 2 AND TERRY AVE,TERRACE ST,1.0,Consistently low occupancy streets,147,3.0,3.0,1.0
13097,TERRACE ST BETWEEN TERRY AVE AND BOREN AVE,TERRACE ST,1.0,Consistently low occupancy streets,148,3.0,3.0,1.0
12769,SENECA ST BETWEEN WESTERN AVE AND POST AVE,SENECA ST,2.0,Consistently high occupancy streets,149,3.0,3.0,1.0
12772,SENECA ST BETWEEN 2ND AVE AND 3RD AVE,SENECA ST,2.0,Consistently high occupancy streets,150,4.0,2.0,0.5
12773,SENECA ST BETWEEN 3RD AVE AND 4TH AVE,SENECA ST,2.0,Consistently high occupancy streets,151,2.0,1.0,0.5
12775,SENECA ST BETWEEN 5TH AVE AND 6TH AVE,SENECA ST,1.0,Consistently low occupancy streets,152,0.0,0.0,
12778,SENECA ST BETWEEN 8TH AVE AND 9TH AVE,SENECA ST,0.0,Night/weekend intensive streets,153,4.0,3.0,0.75
12779,SENECA ST BETWEEN 9TH AVE AND TERRY AVE,SENECA ST,0.0,Night/weekend intensive streets,154,4.0,2.0,0.5
12780,SENECA ST BETWEEN TERRY AVE AND BOREN AVE,SENECA ST,1.0,Consistently low occupancy streets,155,2.0,1.0,0.5
12781,SENECA ST BETWEEN BOREN AVE AND MINOR AVE,SENECA ST,1.0,Consistently low occupancy streets,156,4.0,4.0,1.0
12782,SENECA ST BETWEEN MINOR AVE AND SUMMIT AVE,SENECA ST,1.0,Consistently low occupancy streets,157,6.0,6.0,1.0
12783,SENECA ST BETWEEN SUMMIT AVE AND BOYLSTON AVE,SENECA ST,1.0,Consistently low occupancy streets,158,6.0,5.0,0.8333333333333334
12857,SPRING ST BETWEEN ALASKAN WAY AND WESTERN AVE,SPRING ST,2.0,Consistently high occupancy streets,159,4.0,4.0,1.0
12866,SPRING ST BETWEEN 7TH AVE AND 8TH AVE,SPRING ST,1.0,Consistently low occupancy streets,160,4.0,3.0,0.75
12867,SPRING ST BETWEEN 8TH AVE AND 9TH AVE,SPRING ST,1.0,Consistently low occupancy streets,161,5.0,3.0,0.6
12869,SPRING ST BETWEEN TERRY AVE AND BOREN AVE,SPRING ST,1.0,Consistently low occupancy streets,162,2.0,2.0,1.0
12870,SPRING ST BETWEEN BOREN AVE AND MINOR AVE,SPRING ST,1.0,Consistently low occupancy streets,163,4.0,4.0,1.0
12871,SPRING ST BETWEEN MINOR AVE AND SUMMIT AVE,SPRING ST,1.0,Consistently low occupancy streets,164,6.0,6.0,1.0
12873,SPRING ST BETWEEN BOYLSTON AVE AND HARVARD AVE,SPRING ST,1.0,Consistently low occupancy streets,165,5.0,3.0,0.6
12895,STEWART ST BETWEEN PIKE PL AND POST AL,STEWART ST,0.0,Night/weekend intensive streets,166,1.0,0.0,0.0
12896,STEWART ST BETWEEN POST AL AND 1ST AVE,STEWART ST,2.0,Consistently high occupancy streets,167,4.0,2.0,0.5
12897,STEWART ST BETWEEN 1ST AVE AND 2ND AVE,STEWART ST,0.0,Night/weekend intensive streets,168,6.0,2.0,0.3333333333333333
12898,STEWART ST BETWEEN 2ND AVE AND 3RD AVE,STEWART ST,2.0,Consistently high occupancy streets,169,4.0,0.0,0.0
12900,STEWART ST BETWEEN 4TH AVE AND 5TH AVE,STEWART ST,0.0,Night/weekend intensive streets,170,2.0,1.0,0.5
12981,SUMMIT AVE BETWEEN MADISON ST AND SPRING ST,SUMMIT AVE,1.0,Consistently low occupancy streets,171,3.0,3.0,1.0
12982,SUMMIT AVE BETWEEN SPRING ST AND SENECA ST,SUMMIT AVE,1.0,Consistently low occupancy streets,172,6.0,6.0,1.0
12984,SUMMIT AVE BETWEEN UNIVERSITY ST AND E UNION ST,SUMMIT AVE,0.0,Night/weekend intensive streets,173,3.0,0.0,0.0
13072,TAYLOR AVE BETWEEN 5TH AVE AND DENNY WAY,TAYLOR AVE,0.0,Night/weekend intensive streets,174,1.0,1.0,1.0
13101,TERRY AVE BETWEEN ALDER ST AND TERRACE ST,TERRY AVE,1.0,Consistently low occupancy streets,175,5.0,5.0,1.0
13102,TERRY AVE BETWEEN TERRACE ST AND JEFFERSON ST,TERRY AVE,1.0,Consistently low occupancy streets,176,5.0,5.0,1.0
13105,TERRY AVE BETWEEN CHERRY ST AND COLUMBIA ST,TERRY AVE,1.0,Consistently low occupancy streets,177,5.0,5.0,1.0
13107,TERRY AVE BETWEEN MARION ST AND MADISON ST,TERRY AVE,1.0,Consistently low occupancy streets,178,3.0,2.0,0.6666666666666666
13108,TERRY AVE BETWEEN MADISON ST AND SPRING ST,TERRY AVE,1.0,Consistently low occupancy streets,179,2.0,2.0,1.0
13110,TERRY AVE BETWEEN UNIVERSITY ST AND UNION ST,TERRY AVE,0.0,Night/weekend intensive streets,180,3.0,1.0,0.3333333333333333
12041,OLIVE WAY BETWEEN 3RD AVE AND 4TH AVE,OLIVE WAY,0.0,Night/weekend intensive streets,181,2.0,0.0,0.0
12042,OLIVE WAY BETWEEN 4TH AVE AND 5TH AVE,OLIVE WAY,2.0,Consistently high occupancy streets,182,2.0,0.0,0.0
12043,OLIVE WAY BETWEEN 5TH AVE AND 6TH AVE,OLIVE WAY,0.0,Night/weekend intensive streets,183,2.0,1.0,0.5
12045,OLIVE WAY BETWEEN 7TH AVE AND HOWELL ST,OLIVE WAY,0.0,Night/weekend intensive streets,184,2.0,2.0,1.0
13177,UNION ST BETWEEN WESTERN AVE AND POST AL,UNION ST,0.0,Night/weekend intensive streets,185,2.0,2.0,1.0
13182,UNION ST BETWEEN 4TH AVE AND 5TH AVE,UNION ST,2.0,Consistently high occupancy streets,186,3.0,2.0,0.6666666666666666
13183,UNION ST BETWEEN 5TH AVE AND 6TH AVE,UNION ST,2.0,Consistently high occupancy streets,187,4.0,1.0,0.25
13184,UNION ST BETWEEN 6TH AVE AND 7TH AVE,UNION ST,0.0,Night/weekend intensive streets,188,3.0,2.0,0.6666666666666666
13186,UNION ST BETWEEN TERRY AVE AND BOREN AVE,UNION ST,1.0,Consistently low occupancy streets,189,2.0,1.0,0.5
13187,UNION ST BETWEEN BOREN AVE AND MINOR AVE,UNION ST,1.0,Consistently low occupancy streets,190,2.0,2.0,1.0
13200,UNIVERSITY ST BETWEEN 1ST AVE AND 2ND AVE,UNIVERSITY ST,2.0,Consistently high occupancy streets,191,4.0,3.0,0.75
13202,UNIVERSITY ST BETWEEN 3RD AVE AND 4TH AVE,UNIVERSITY ST,0.0,Night/weekend intensive streets,192,3.0,1.0,0.3333333333333333
13203,UNIVERSITY ST BETWEEN 4TH AVE AND 5TH AVE,UNIVERSITY ST,2.0,Consistently high occupancy streets,193,3.0,0.0,0.0
13204,UNIVERSITY ST BETWEEN 5TH AVE AND 6TH AVE,UNIVERSITY ST,0.0,Night/weekend intensive streets,194,2.0,1.0,0.5
13207,UNIVERSITY ST BETWEEN 9TH AVE AND TERRY AVE,UNIVERSITY ST,0.0,Night/weekend intensive streets,195,3.0,2.0,0.6666666666666666
13209,UNIVERSITY ST BETWEEN BOREN AVE AND MINOR AVE,UNIVERSITY ST,1.0,Consistently low occupancy streets,196,4.0,4.0,1.0
13210,UNIVERSITY ST BETWEEN MINOR AVE AND SUMMIT AVE,UNIVERSITY ST,1.0,Consistently low occupancy streets,197,6.0,5.0,0.8333333333333334
13211,UNIVERSITY ST BETWEEN SUMMIT AVE AND BOYLSTON W AVE,UNIVERSITY ST,1.0,Consistently low occupancy streets,198,4.0,3.0,0.75
12211,PINE ST BETWEEN PIKE PL AND POST AL,PINE ST,2.0,Consistently high occupancy streets,199,1.0,0.0,0.0
12212,PINE ST BETWEEN POST AL AND 1ST AVE,PINE ST,1.0,Consistently low occupancy streets,200,3.0,0.0,0.0
13299,VINE ST BETWEEN ALASKAN WAY AND ELLIOTT AVE,VINE ST,0.0,Night/weekend intensive streets,201,5.0,3.0,0.6
13300,VINE ST BETWEEN ELLIOTT AVE AND WESTERN AVE,VINE ST,0.0,Night/weekend intensive streets,202,6.0,5.0,0.8333333333333334
13301,VINE ST BETWEEN WESTERN AVE AND 1ST AVE,VINE ST,0.0,Night/weekend intensive streets,203,6.0,4.0,0.6666666666666666
13302,VINE ST BETWEEN 1ST AVE AND 2ND AVE,VINE ST,2.0,Consistently high occupancy streets,204,6.0,1.0,0.16666666666666666
13304,VINE ST BETWEEN 3RD AVE AND 4TH AVE,VINE ST,2.0,Consistently high occupancy streets,205,5.0,1.0,0.2
13305,VINE ST BETWEEN 4TH AVE AND 5TH AVE,VINE ST,0.0,Night/weekend intensive streets,206,5.0,2.0,0.4
13306,VINE ST BETWEEN 5TH AVE AND DENNY WAY,VINE ST,1.0,Consistently low occupancy streets,207,2.0,0.0,0.0
13308,VIRGINIA ST BETWEEN PIKE PL AND POST AL,VIRGINIA ST,2.0,Consistently high occupancy streets,208,1.0,0.0,0.0
13310,VIRGINIA ST BETWEEN 1ST AVE AND 2ND AVE,VIRGINIA ST,2.0,Consistently high occupancy streets,209,6.0,2.0,0.3333333333333333
13311,VIRGINIA ST BETWEEN 2ND AVE AND 3RD AVE,VIRGINIA ST,0.0,Night/weekend intensive streets,210,4.0,2.0,0.5
13313,VIRGINIA ST BETWEEN 4TH AVE AND 5TH AVE,VIRGINIA ST,0.0,Night/weekend intensive streets,211,6.0,3.0,0.5
13314,VIRGINIA ST BETWEEN 5TH AVE AND 6TH AVE,VIRGINIA ST,0.0,Night/weekend intensive streets,212,3.0,3.0,1.0
13352,WALL ST BETWEEN ALASKAN WAY AND ELLIOTT AVE,WALL ST,2.0,Consistently high occupancy streets,213,5.0,2.0,0.4
13354,WALL ST BETWEEN WESTERN AVE AND 1ST AVE,WALL ST,0.0,Night/weekend intensive streets,214,6.0,3.0,0.5
13355,WALL ST BETWEEN 1ST AVE AND 2ND AVE,WALL ST,2.0,Consistently high occupancy streets,215,6.0,3.0,0.5
13357,WALL ST BETWEEN 3RD AVE AND 4TH AVE,WALL ST,0.0,Night/weekend intensive streets,216,6.0,1.0,0.16666666666666666
13358,WALL ST BETWEEN 4TH AVE AND 5TH AVE,WALL ST,2.0,Consistently high occupancy streets,217,4.0,2.0,0.5
13462,WARREN PL BETWEEN 1ST AVE AND DENNY WAY,WARREN PL,0.0,Night/weekend intensive streets,218,1.0,1.0,1.0
13497,WESTERN AVE BETWEEN COLUMBIA ST AND MARION ST,WESTERN AVE,2.0,Consistently high occupancy streets,219,2.0,2.0,1.0
13498,WESTERN AVE BETWEEN MARION ST AND MADISON ST,WESTERN AVE,2.0,Consistently high occupancy streets,220,4.0,4.0,1.0
13499,WESTERN AVE BETWEEN MADISON ST AND SPRING ST,WESTERN AVE,2.0,Consistently high occupancy streets,221,4.0,4.0,1.0
13500,WESTERN AVE BETWEEN SPRING ST AND SENECA ST,WESTERN AVE,2.0,Consistently high occupancy streets,222,5.0,5.0,1.0
13501,WESTERN AVE BETWEEN SENECA ST AND UNIVERSITY ST,WESTERN AVE,2.0,Consistently high occupancy streets,223,5.0,3.0,0.6
13502,WESTERN AVE BETWEEN UNIVERSITY ST AND UNION ST,WESTERN AVE,0.0,Night/weekend intensive streets,224,4.0,3.0,0.75
13503,WESTERN AVE BETWEEN UNION ST AND PIKE ST,WESTERN AVE,0.0,Night/weekend intensive streets,225,3.0,2.0,0.6666666666666666
13504,WESTERN AVE BETWEEN PIKE ST AND PINE ST,WESTERN AVE,2.0,Consistently high occupancy streets,226,2.0,1.0,0.5
13505,WESTERN AVE BETWEEN PINE ST AND VIRGINIA ST,WESTERN AVE,2.0,Consistently high occupancy streets,227,2.0,2.0,1.0
13506,WESTERN AVE BETWEEN VIRGINIA ST AND LENORA ST,WESTERN AVE,2.0,Consistently high occupancy streets,228,4.0,4.0,1.0
13509,WESTERN AVE BETWEEN BELL ST AND BATTERY ST,WESTERN AVE,0.0,Night/weekend intensive streets,229,2.0,1.0,0.5
13510,WESTERN AVE BETWEEN BATTERY ST AND WALL ST,WESTERN AVE,2.0,Consistently high occupancy streets,230,5.0,0.0,0.0
13512,WESTERN AVE BETWEEN VINE ST AND CEDAR ST,WESTERN AVE,2.0,Consistently high occupancy streets,231,6.0,0.0,0.0
13513,WESTERN AVE BETWEEN CEDAR ST AND CLAY ST,WESTERN AVE,0.0,Night/weekend intensive streets,232,6.0,5.0,0.8333333333333334
13514,WESTERN AVE BETWEEN CLAY ST AND BROAD ST,WESTERN AVE,0.0,Night/weekend intensive streets,233,5.0,4.0,0.8
13516,WESTERN AVE BETWEEN EAGLE ST AND BAY ST,WESTERN AVE,0.0,Night/weekend intensive streets,234,4.0,2.0,0.5
726977,SR99 TUNNEL SB BETWEEN 6TH AVE N ON RP AND ALASKAN WY VI SB,SR99 TUNNEL SB,2.0,Consistently high occupancy streets,235,0.0,0.0,
726977,SR99 TUNNEL SB BETWEEN 6TH AVE N ON RP AND ALASKAN WY VI SB,SR99 TUNNEL SB,0.0,Night/weekend intensive streets,236,0.0,0.0,
726977,SR99 TUNNEL SB BETWEEN 6TH AVE N ON RP AND ALASKAN WY VI SB,SR99 TUNNEL SB,0.0,Night/weekend intensive streets,237,0.0,0.0,
726977,SR99 TUNNEL SB BETWEEN 6TH AVE N ON RP AND ALASKAN WY VI SB,SR99 TUNNEL SB,0.0,Night/weekend intensive streets,238,0.0,0.0,
726977,SR99 TUNNEL SB BETWEEN 6TH AVE N ON RP AND ALASKAN WY VI SB,SR99 TUNNEL SB,0.0,Night/weekend intensive streets,239,0.0,0.0,
726977,SR99 TUNNEL SB BETWEEN 6TH AVE N ON RP AND ALASKAN WY VI SB,SR99 TUNNEL SB,1.0,Consistently low occupancy streets,240,0.0,0.0,
726977,SR99 TUNNEL SB BETWEEN 6TH AVE N ON RP AND ALASKAN WY VI SB,SR99 TUNNEL SB,2.0,Consistently high occupancy streets,241,0.0,0.0,
726977,SR99 TUNNEL SB BETWEEN 6TH AVE N ON RP AND ALASKAN WY VI SB,SR99 TUNNEL SB,0.0,Night/weekend intensive streets,242,0.0,0.0,
1004,1ST AVE BETWEEN MADISON ST AND SPRING ST,1ST AVE,0.0,Night/weekend intensive streets,243,2.0,1.0,0.5
2753,2ND AVE BETWEEN MADISON ST AND SPRING ST,2ND AVE,0.0,Night/weekend intensive streets,244,3.0,1.0,0.3333333333333333
8778,ALDER ST BETWEEN DEAD END AND 9TH AVE,ALDER ST,1.0,Consistently low occupancy streets,245,2.0,2.0,1.0
9731,COLUMBIA ST BETWEEN 4TH AVE AND 5TH AVE,COLUMBIA ST,2.0,Consistently high occupancy streets,246,3.0,0.0,0.0
11366,LENORA ST BETWEEN WESTERN AVE AND 1ST AVE,LENORA ST,2.0,Consistently high occupancy streets,247,6.0,6.0,1.0
13356,WALL ST BETWEEN 2ND AVE AND 3RD AVE,WALL ST,2.0,Consistently high occupancy streets,248,6.0,3.0,0.5
13766,YESLER WAY BETWEEN TERRACE ST AND 6TH AVE,YESLER WAY,0.0,Night/weekend intensive streets,249,1.0,1.0,1.0
1006,1ST AVE BETWEEN SENECA ST AND UNIVERSITY ST,1ST AVE,2.0,Consistently high occupancy streets,250,4.0,3.0,0.75
1021,1ST AVE BETWEEN BROAD ST AND EAGLE ST,1ST AVE,0.0,Night/weekend intensive streets,251,4.0,3.0,0.75
13201,UNIVERSITY ST BETWEEN 2ND AVE AND 3RD AVE,UNIVERSITY ST,2.0,Consistently high occupancy streets,252,3.0,1.0,0.3333333333333333
11586,MADISON ST BETWEEN 5TH AVE AND 6TH AVE,MADISON ST,0.0,Night/weekend intensive streets,253,3.0,2.0,0.6666666666666666
12200,PIKE ST BETWEEN 4TH AVE AND 5TH AVE,PIKE ST,2.0,Consistently high occupancy streets,254,1.0,0.0,0.0
12768,SENECA ST BETWEEN ALASKAN WAY AND WESTERN AVE,SENECA ST,2.0,Consistently high occupancy streets,255,4.0,4.0,1.0
13181,UNION ST BETWEEN 3RD AVE AND 4TH AVE,UNION ST,2.0,Consistently high occupancy streets,256,3.0,1.0,0.3333333333333333
13309,VIRGINIA ST BETWEEN POST AL AND 1ST AVE,VIRGINIA ST,1.0,Consistently low occupancy streets,257,4.0,0.0,0.0
13515,WESTERN AVE BETWEEN BROAD ST AND EAGLE ST,WESTERN AVE,2.0,Consistently high occupancy streets,258,4.0,0.0,0.0
2760,2ND AVE BETWEEN STEWART ST AND VIRGINIA ST,2ND AVE,0.0,Night/weekend intensive streets,259,6.0,4.0,0.6666666666666666
13353,WALL ST BETWEEN ELLIOTT AVE AND WESTERN AVE,WALL ST,0.0,Night/weekend intensive streets,260,6.0,3.0,0.5
13511,WESTERN AVE BETWEEN WALL ST AND VINE ST,WESTERN AVE,0.0,Night/weekend intensive streets,261,6.0,4.0,0.6666666666666666
9201,BELL ST BETWEEN 4TH AVE AND 5TH AVE,BELL ST,1.0,Consistently low occupancy streets,262,3.0,0.0,0.0
726976,SR99 TUNNEL NB BETWEEN ALASKAN WY VI NB AND SR99 REPUBLICAN OFF RP,SR99 TUNNEL NB,2.0,Consistently high occupancy streets,263,0.0,0.0,
726976,SR99 TUNNEL NB BETWEEN ALASKAN WY VI NB AND SR99 REPUBLICAN OFF RP,SR99 TUNNEL NB,2.0,Consistently high occupancy streets,264,0.0,0.0,
726976,SR99 TUNNEL NB BETWEEN ALASKAN WY VI NB AND SR99 REPUBLICAN OFF RP,SR99 TUNNEL NB,2.0,Consistently high occupancy streets,265,0.0,0.0,
726976,SR99 TUNNEL NB BETWEEN ALASKAN WY VI NB AND SR99 REPUBLICAN OFF RP,SR99 TUNNEL NB,0.0,Night/weekend intensive streets,266,0.0,0.0,
726976,SR99 TUNNEL NB BETWEEN ALASKAN WY VI NB AND SR99 REPUBLICAN OFF RP,SR99 TUNNEL NB,0.0,Night/weekend intensive streets,267,0.0,0.0,
726976,SR99 TUNNEL NB BETWEEN ALASKAN WY VI NB AND SR99 REPUBLICAN OFF RP,SR99 TUNNEL NB,0.0,Night/weekend intensive streets,268,0.0,0.0,
726976,SR99 TUNNEL NB BETWEEN ALASKAN WY VI NB AND SR99 REPUBLICAN OFF RP,SR99 TUNNEL NB,0.0,Night/weekend intensive streets,269,0.0,0.0,
726976,SR99 TUNNEL NB BETWEEN ALASKAN WY VI NB AND SR99 REPUBLICAN OFF RP,SR99 TUNNEL NB,1.0,Consistently low occupancy streets,270,0.0,0.0,
726976,SR99 TUNNEL NB BETWEEN ALASKAN WY VI NB AND SR99 REPUBLICAN OFF RP,SR99 TUNNEL NB,2.0,Consistently high occupancy streets,271,0.0,0.0,
726976,SR99 TUNNEL NB BETWEEN ALASKAN WY VI NB AND SR99 REPUBLICAN OFF RP,SR99 TUNNEL NB,2.0,Consistently high occupancy streets,272,0.0,0.0,
726976,SR99 TUNNEL NB BETWEEN ALASKAN WY VI NB AND SR99 REPUBLICAN OFF RP,SR99 TUNNEL NB,0.0,Night/weekend intensive streets,273,0.0,0.0,
1005,1ST AVE BETWEEN SPRING ST AND SENECA ST,1ST AVE,0.0,Night/weekend intensive streets,274,3.0,1.0,0.3333333333333333
1011,1ST AVE BETWEEN STEWART ST AND VIRGINIA ST,1ST AVE,2.0,Consistently high occupancy streets,275,6.0,4.0,0.6666666666666666
6137,4TH AVE BETWEEN VIRGINIA ST AND LENORA ST,4TH AVE,2.0,Consistently high occupancy streets,276,6.0,2.0,0.3333333333333333
2761,2ND AVE BETWEEN VIRGINIA ST AND LENORA ST,2ND AVE,0.0,Night/weekend intensive streets,277,6.0,4.0,0.6666666666666666
7223,5TH AVE BETWEEN 5TH AVE S AND TERRACE ST,5TH AVE,1.0,Consistently low occupancy streets,278,2.0,0.0,0.0
7248,5TH AVE BETWEEN WALL ST AND VINE ST,5TH AVE,0.0,Night/weekend intensive streets,279,3.0,1.0,0.3333333333333333
2765,2ND AVE BETWEEN BATTERY ST AND WALL ST,2ND AVE,0.0,Night/weekend intensive streets,280,6.0,1.0,0.16666666666666666
8516,9TH AVE BETWEEN MADISON ST AND SPRING ST,9TH AVE,0.0,Night/weekend intensive streets,281,3.0,0.0,0.0
8729,ALASKAN WAY BETWEEN BLANCHARD ST AND XW BELL ST,ALASKAN WAY,1.0,Consistently low occupancy streets,282,1.0,0.0,0.0
6128,4TH AVE BETWEEN SENECA ST AND UNIVERSITY ST,4TH AVE,0.0,Night/weekend intensive streets,283,3.0,1.0,0.3333333333333333
10774,HARVARD AVE BETWEEN BROADWAY AND SPRING ST,HARVARD AVE,0.0,Night/weekend intensive streets,284,3.0,1.0,0.3333333333333333
8515,9TH AVE BETWEEN MARION ST AND MADISON ST,9TH AVE,1.0,Consistently low occupancy streets,285,4.0,3.0,0.75
8518,9TH AVE BETWEEN SENECA ST AND UNIVERSITY ST,9TH AVE,0.0,Night/weekend intensive streets,286,4.0,3.0,0.75
9682,CLAY ST BETWEEN ELLIOTT AVE AND WESTERN AVE,CLAY ST,0.0,Night/weekend intensive streets,287,5.0,3.0,0.6
10838,HARVARD AVE BETWEEN SPRING ST AND SENECA ST,HARVARD AVE,0.0,Night/weekend intensive streets,288,3.0,2.0,0.6666666666666666
11874,MINOR AVE BETWEEN SENECA ST AND UNIVERSITY ST,MINOR AVE,1.0,Consistently low occupancy streets,289,6.0,6.0,1.0
13180,UNION ST BETWEEN 2ND AVE AND 3RD AVE,UNION ST,0.0,Night/weekend intensive streets,290,2.0,1.0,0.5
13517,WESTERN AVE BETWEEN BAY ST AND QUEEN ANNE AVE,WESTERN AVE,2.0,Consistently high occupancy streets,291,2.0,0.0,0.0
11668,MARION ST BETWEEN 7TH AVE AND 8TH AVE,MARION ST,0.0,Night/weekend intensive streets,292,3.0,0.0,0.0
8274,8TH AVE BETWEEN COLUMBIA ST AND MARION ST,8TH AVE,2.0,Consistently high occupancy streets,293,6.0,0.0,0.0
12044,OLIVE WAY BETWEEN 6TH AVE AND 7TH AVE,OLIVE WAY,0.0,Night/weekend intensive streets,294,3.0,3.0,1.0
8517,9TH AVE BETWEEN SPRING ST AND SENECA ST,9TH AVE,1.0,Consistently low occupancy streets,295,5.0,1.0,0.2
9643,CEDAR ST BETWEEN 4TH AVE AND DENNY WAY,CEDAR ST,2.0,Consistently high occupancy streets,296,4.0,2.0,0.5
11369,LENORA ST BETWEEN 3RD AVE AND 4TH AVE,LENORA ST,0.0,Night/weekend intensive streets,297,5.0,3.0,0.6
13303,VINE ST BETWEEN 2ND AVE AND 3RD AVE,VINE ST,0.0,Night/weekend intensive streets,298,5.0,2.0,0.4
490101,MADISON ST OFF RP BETWEEN I5 NB COLLECTOR AND 7TH AVE,MADISON ST OFF RP,1.0,Consistently low occupancy streets,299,1.0,1.0,1.0
13507,WESTERN AVE BETWEEN LENORA ST AND BLANCHARD ST,WESTERN AVE,2.0,Consistently high occupancy streets,300,5.0,4.0,0.8
13104,TERRY AVE BETWEEN JAMES ST AND CHERRY ST,TERRY AVE,1.0,Consistently low occupancy streets,301,3.0,3.0,1.0
13508,WESTERN AVE BETWEEN BLANCHARD ST AND BELL ST,WESTERN AVE,0.0,Night/weekend intensive streets,302,2.0,0.0,0.0
2758,2ND AVE BETWEEN PIKE ST AND PINE ST,2ND AVE,0.0,Night/weekend intensive streets,303,2.0,2.0,1.0
8511,9TH AVE BETWEEN JEFFERSON ST AND JAMES ST,9TH AVE,0.0,Night/weekend intensive streets,304,1.0,0.0,0.0
12771,SENECA ST BETWEEN 1ST AVE AND 2ND AVE,SENECA ST,2.0,Consistently high occupancy streets,305,5.0,2.0,0.4
489857,9TH AVE BETWEEN 9TH AV I5 EXPRESS ON RP AND PINE ST,9TH AVE,1.0,Consistently low occupancy streets,306,1.0,0.0,0.0
6141,4TH AVE BETWEEN BATTERY ST AND WALL ST,4TH AVE,2.0,Consistently high occupancy streets,307,4.0,2.0,0.5
7244,5TH AVE BETWEEN LENORA ST AND BLANCHARD ST,5TH AVE,0.0,Night/weekend intensive streets,308,6.0,5.0,0.8333333333333334
8159,7TH AVE BETWEEN PINE ST AND OLIVE WAY,7TH AVE,0.0,Night/weekend intensive streets,309,2.0,2.0,1.0
8780,ALDER ST BETWEEN TERRY AVE AND BROADWAY,ALDER ST,1.0,Consistently low occupancy streets,310,2.0,2.0,1.0
9638,CEDAR ST BETWEEN ELLIOTT AVE AND WESTERN AVE,CEDAR ST,0.0,Night/weekend intensive streets,311,5.0,3.0,0.6
9670,CHERRY ST BETWEEN MINOR AVE AND BROADWAY,CHERRY ST,1.0,Consistently low occupancy streets,312,3.0,2.0,0.6666666666666666
2755,2ND AVE BETWEEN SENECA ST AND UNIVERSITY ST,2ND AVE,0.0,Night/weekend intensive streets,313,5.0,0.0,0.0
4388,3RD AVE BETWEEN LENORA ST AND BLANCHARD ST,3RD AVE,1.0,Consistently low occupancy streets,314,3.0,0.0,0.0
7242,5TH AVE BETWEEN STEWART ST AND VIRGINIA ST,5TH AVE,0.0,Night/weekend intensive streets,315,4.0,4.0,1.0
7882,6TH AVE BETWEEN UNION ST AND PIKE ST,6TH AVE,0.0,Night/weekend intensive streets,316,4.0,3.0,0.75
9075,BATTERY ST BETWEEN 3RD AVE AND 4TH AVE,BATTERY ST,0.0,Night/weekend intensive streets,317,4.0,1.0,0.25
9412,BROAD ST BETWEEN WESTERN AVE AND 1ST AVE,BROAD ST,0.0,Night/weekend intensive streets,318,4.0,3.0,0.75
7224,5TH AVE BETWEEN TERRACE ST AND JEFFERSON ST,5TH AVE,0.0,Night/weekend intensive streets,319,3.0,1.0,0.3333333333333333
9084,BAY ST BETWEEN WESTERN AVE AND 1ST AVE,BAY ST,0.0,Night/weekend intensive streets,320,3.0,2.0,0.6666666666666666
9668,CHERRY ST BETWEEN TERRY AVE AND BOREN AVE,CHERRY ST,1.0,Consistently low occupancy streets,321,4.0,4.0,1.0
8155,7TH AVE BETWEEN MADISON ST OFF RP AND MADISON ST,7TH AVE,1.0,Consistently low occupancy streets,322,2.0,2.0,1.0
10970,HUBBELL PL BETWEEN 9TH AVE AND PIKE ST,HUBBELL PL,1.0,Consistently low occupancy streets,323,1.0,1.0,1.0
13768,YESLER WAY BETWEEN 8TH AVE AND BROADWAY,YESLER WAY,1.0,Consistently low occupancy streets,324,1.0,1.0,1.0
11581,MADISON ST BETWEEN POST AVE AND 1ST AVE,MADISON ST,2.0,Consistently high occupancy streets,325,1.0,0.0,0.0
11671,MARION ST BETWEEN TERRY AVE AND BOREN AVE,MARION ST,0.0,Night/weekend intensive streets,326,2.0,0.0,0.0
11868,MINOR AVE BETWEEN JAMES ST AND CHERRY ST,MINOR AVE,1.0,Consistently low occupancy streets,327,2.0,2.0,1.0
12784,SENECA ST BETWEEN BOYLSTON AVE AND HARVARD AVE,SENECA ST,0.0,Night/weekend intensive streets,328,4.0,1.0,0.25
12872,SPRING ST BETWEEN SUMMIT AVE AND BOYLSTON AVE,SPRING ST,1.0,Consistently low occupancy streets,329,6.0,6.0,1.0
12983,SUMMIT AVE BETWEEN SENECA ST AND UNIVERSITY ST,SUMMIT AVE,1.0,Consistently low occupancy streets,330,6.0,5.0,0.8333333333333334
13199,UNIVERSITY ST BETWEEN ALASKAN WAY AND WESTERN AVE,UNIVERSITY ST,0.0,Night/weekend intensive streets,331,3.0,1.0,0.3333333333333333
13208,UNIVERSITY ST BETWEEN TERRY AVE AND BOREN AVE,UNIVERSITY ST,1.0,Consistently low occupancy streets,332,3.0,1.0,0.3333333333333333
13312,VIRGINIA ST BETWEEN 3RD AVE AND 4TH AVE,VIRGINIA ST,2.0,Consistently high occupancy streets,333,4.0,2.0,0.5
